{"stats":{"minecraft:custom":{"minecraft:jump":72,"minecraft:time_since_rest":2397,"minecraft:leave_game":1,"minecraft:sprint_one_cm":8605,"minecraft:play_time":2397,"minecraft:damage_taken":30,"minecraft:time_since_death":2397,"minecraft:walk_one_cm":8713,"minecraft:total_world_time":2397,"minecraft:drop":1,"minecraft:fall_one_cm":1864,"minecraft:fly_one_cm":9693},"minecraft:mined":{"minecraft:short_grass":2,"minecraft:oak_leaves":1},"minecraft:dropped":{"minecraft:stick":1},"minecraft:picked_up":{"minecraft:stick":1}},"DataVersion":3700}