{"stats":{"minecraft:killed_by":{"minecraft:vindicator":4,"minecraft:player":1,"minecraft:pillager":1,"graveyard:skeleton_creeper":1},"minecraft:crafted":{"minecraft:spruce_planks":36,"simplyswords:iron_spear":1,"minecraft:wooden_pickaxe":1,"minecraft:hay_block":2,"minecraft:stone_axe":2,"minecraft:bread":3,"minecraft:stick":4,"minecraft:stone_pickaxe":1,"minecraft:white_bed":1,"minecraft:dark_oak_planks":4,"minecraft:wheat":27},"minecraft:killed":{"minecraft:pig":6,"minecraft:vindicator":1,"minecraft:spider":2,"creeperoverhaul:snowy_creeper":4,"minecraft:sheep":4,"minecraft:skeleton":2,"minecraft:pillager":3,"adventurez:deer":1,"minecraft:zombie":8,"minecraft:stray":1},"minecraft:mined":{"minecraft:white_bed":2,"minecraft:dark_oak_log":1,"minecraft:crafting_table":3,"minecraft:chest":2,"minecraft:cobblestone":2,"minecraft:spruce_leaves":1,"minecraft:oak_planks":1,"minecraft:hay_block":3,"minecraft:spruce_log":28,"minecraft:light_gray_wool":6,"minecraft:grass":1,"minecraft:rail":1,"minecraft:packed_ice":5,"minecraft:stone":10},"minecraft:used":{"simplyswords:iron_spear":76,"minecraft:stone_pickaxe":4,"minecraft:chest":1,"minecraft:spruce_planks":22,"minecraft:wooden_pickaxe":20,"minecraft:rotten_flesh":1,"minecraft:crafting_table":2,"minecraft:white_bed":3,"minecraft:spruce_log":10,"minecraft:bread":1,"minecraft:spruce_sapling":1,"minecraft:stone_axe":18,"minecraft:light_gray_wool":6,"minecraft:sweet_berries":20},"minecraft:dropped":{"simplyswords:iron_spear":1},"minecraft:picked_up":{"minecraft:crafting_table":3,"minecraft:string":1,"minecraft:bone":3,"minecraft:bow":1,"adventurez:raw_venison":2,"minecraft:light_gray_wool":6,"minecraft:chest":2,"minecraft:oak_planks":1,"simplyswords:iron_spear":1,"minecraft:stick":16,"minecraft:sweet_berries":37,"patchouli:guide_book":3,"minecraft:porkchop":10,"minecraft:spruce_sapling":6,"minecraft:white_bed":2,"minecraft:spruce_log":28,"minecraft:dark_oak_log":1,"minecraft:spider_eye":2,"minecraft:arrow":14,"minecraft:rotten_flesh":9,"minecraft:hay_block":3,"minecraft:crossbow":1,"minecraft:emerald":1,"minecraft:mutton":6,"minecraft:white_wool":7,"minecraft:rail":1,"minecraft:cobblestone":12},"minecraft:custom":{"minecraft:mob_kills":32,"minecraft:interact_with_crafting_table":12,"minecraft:time_since_death":16604,"minecraft:time_since_rest":16739,"minecraft:sprint_one_cm":119643,"minecraft:damage_taken":2073,"minecraft:walk_one_cm":166747,"minecraft:drop":1,"minecraft:damage_dealt":5804,"minecraft:fly_one_cm":252902,"minecraft:open_chest":11,"minecraft:crouch_one_cm":356,"minecraft:play_time":38292,"minecraft:deaths":7,"minecraft:sneak_time":599,"minecraft:jump":930,"minecraft:total_world_time":38292,"minecraft:fall_one_cm":26671}},"DataVersion":3465}