{"stats":{"minecraft:killed_by":{"minecraft:vindicator":4,"minecraft:player":1,"minecraft:pillager":1,"graveyard:skeleton_creeper":1},"minecraft:crafted":{"minecraft:spruce_planks":52,"simplyswords:iron_spear":1,"minecraft:wooden_pickaxe":1,"minecraft:spruce_door":3,"minecraft:hay_block":2,"minecraft:stone_axe":2,"minecraft:bread":3,"minecraft:stick":4,"minecraft:stone_pickaxe":1,"minecraft:white_bed":2,"minecraft:dark_oak_planks":4,"minecraft:wheat":27},"minecraft:killed":{"minecraft:pig":6,"minecraft:vindicator":1,"minecraft:spider":2,"creeperoverhaul:snowy_creeper":4,"minecraft:sheep":4,"minecraft:skeleton":2,"minecraft:pillager":3,"adventurez:deer":1,"minecraft:zombie":8,"minecraft:stray":1},"minecraft:mined":{"minecraft:dark_oak_planks":8,"minecraft:spruce_planks":18,"minecraft:white_bed":2,"minecraft:mossy_cobblestone":1,"minecraft:dark_oak_log":1,"minecraft:spruce_door":1,"minecraft:oak_fence":12,"minecraft:crafting_table":3,"minecraft:grass_block":1,"minecraft:chest":3,"minecraft:cobblestone":5,"minecraft:spruce_leaves":3,"minecraft:oak_planks":2,"minecraft:hay_block":3,"minecraft:spruce_log":28,"minecraft:light_gray_wool":6,"minecraft:grass":1,"minecraft:rail":1,"minecraft:dirt":1,"minecraft:packed_ice":5,"minecraft:stone":10,"minecraft:fern":2},"minecraft:used":{"simplyswords:iron_spear":76,"minecraft:oak_fence":7,"minecraft:spruce_door":2,"minecraft:stone_pickaxe":12,"minecraft:oak_planks":2,"minecraft:chest":3,"minecraft:spruce_planks":56,"minecraft:wooden_pickaxe":20,"minecraft:rotten_flesh":1,"minecraft:mossy_cobblestone":1,"minecraft:dirt":2,"minecraft:crafting_table":3,"minecraft:white_bed":3,"minecraft:spruce_log":10,"minecraft:dark_oak_planks":2,"minecraft:bread":1,"minecraft:spruce_sapling":1,"minecraft:stone_axe":102,"minecraft:light_gray_wool":6,"minecraft:cobblestone":5,"minecraft:sweet_berries":23},"minecraft:dropped":{"minecraft:stone_axe":1,"minecraft:sweet_berries":10,"minecraft:porkchop":5,"minecraft:white_bed":1,"simplyswords:iron_spear":1,"minecraft:arrow":2,"minecraft:bow":1,"minecraft:wooden_pickaxe":1},"minecraft:picked_up":{"minecraft:crafting_table":3,"minecraft:dirt":2,"minecraft:string":1,"minecraft:bone":3,"minecraft:bow":1,"adventurez:raw_venison":2,"minecraft:spruce_planks":18,"minecraft:light_gray_wool":6,"minecraft:chest":3,"minecraft:oak_planks":2,"simplyswords:iron_spear":1,"minecraft:stick":18,"minecraft:sweet_berries":37,"patchouli:guide_book":3,"minecraft:oak_fence":12,"minecraft:porkchop":10,"minecraft:spruce_sapling":7,"minecraft:white_bed":2,"minecraft:spruce_log":32,"minecraft:spruce_door":1,"minecraft:mossy_cobblestone":1,"minecraft:dark_oak_log":1,"minecraft:spider_eye":2,"minecraft:dark_oak_planks":7,"minecraft:arrow":14,"minecraft:rotten_flesh":9,"minecraft:hay_block":3,"minecraft:crossbow":1,"minecraft:emerald":1,"minecraft:mutton":6,"minecraft:white_wool":7,"minecraft:rail":1,"minecraft:cobblestone":14},"minecraft:custom":{"minecraft:mob_kills":32,"minecraft:interact_with_crafting_table":15,"minecraft:time_since_death":28604,"minecraft:climb_one_cm":50,"minecraft:time_since_rest":28739,"minecraft:sprint_one_cm":137622,"minecraft:damage_taken":2093,"minecraft:walk_one_cm":235182,"minecraft:drop":22,"minecraft:damage_dealt":5804,"minecraft:fly_one_cm":276834,"minecraft:open_chest":13,"minecraft:crouch_one_cm":360,"minecraft:play_time":50292,"minecraft:deaths":7,"minecraft:sneak_time":662,"minecraft:jump":1108,"minecraft:total_world_time":50292,"minecraft:fall_one_cm":30026}},"DataVersion":3465}