{"stats":{"minecraft:broken":{"minecraft:iron_boots":1,"minecraft:iron_chestplate":1,"minecraft:iron_leggings":1,"minecraft:stone_pickaxe":2,"minecraft:stone_axe":2,"minecraft:wooden_axe":1,"minecraft:chainmail_helmet":1,"minecraft:leather_chestplate":1,"minecraft:wooden_pickaxe":1,"minecraft:leather_boots":1,"minecraft:iron_pickaxe":1,"simplyswords:iron_glaive":2},"minecraft:custom":{"minecraft:interact_with_crafting_table":48,"minecraft:open_barrel":293,"minecraft:bell_ring":15,"minecraft:eat_cake_slice":17,"minecraft:leave_game":2,"minecraft:time_since_death":15469,"minecraft:sprint_one_cm":1048484,"minecraft:drop":183,"minecraft:talked_to_villager":2,"minecraft:play_time":529858,"minecraft:deaths":44,"minecraft:jump":6489,"minecraft:interact_with_brewingstand":1,"minecraft:walk_on_water_one_cm":61991,"minecraft:interact_with_furnace":19,"minecraft:interact_with_cartography_table":2,"minecraft:interact_with_loom":3,"minecraft:sleep_in_bed":10,"minecraft:damage_dealt":38985,"minecraft:crouch_one_cm":4764,"minecraft:interact_with_smoker":7,"minecraft:interact_with_smithing_table":1,"minecraft:mob_kills":176,"minecraft:interact_with_campfire":4,"minecraft:climb_one_cm":78861,"minecraft:walk_one_cm":3187993,"minecraft:sneak_time":2740,"minecraft:walk_under_water_one_cm":58064,"minecraft:interact_with_lectern":1,"minecraft:interact_with_blast_furnace":28,"minecraft:total_world_time":529858,"minecraft:tune_noteblock":7,"minecraft:time_since_rest":9967,"minecraft:damage_taken":16469,"minecraft:swim_one_cm":154842,"minecraft:fly_one_cm":1129845,"minecraft:open_chest":322,"minecraft:fall_one_cm":137447},"minecraft:used":{"minecraft:beetroot":3,"minecraft:ladder":3,"minecraft:poppy":1,"minecraft:chest":3,"minecraft:player_head":2,"minecraft:rotten_flesh":66,"minecraft:iron_chestplate":3,"minecraft:brick_slab":6,"minecraft:cyan_wool":1,"minecraft:milk_bucket":1,"minecraft:honey_bottle":32,"minecraft:bricks":53,"minecraft:lantern":4,"minecraft:item_frame":2,"minecraft:hay_block":4,"minecraft:written_book":1,"minecraft:sweet_berries":70,"minecraft:skeleton_skull":1,"minecraft:egg":2,"minecraft:potato":2,"minecraft:dark_oak_sapling":1,"simplyswords:iron_spear":181,"minecraft:dark_oak_stairs":7,"minecraft:spruce_door":2,"minecraft:gray_carpet":1,"minecraft:stone_pickaxe":300,"minecraft:oak_planks":2,"minecraft:blackstone":1,"minecraft:wooden_pickaxe":59,"minecraft:leather_chestplate":1,"minecraft:chainmail_helmet":2,"minecraft:yellow_terracotta":1,"minecraft:loom":1,"minecraft:mushroom_stew":1,"minecraft:blast_furnace":1,"minecraft:crossbow":22,"minecraft:pumpkin_seeds":8,"minecraft:bread":52,"minecraft:cyan_bed":1,"minecraft:chain":8,"simplyswords:iron_glaive":585,"minecraft:air":1,"minecraft:bone_meal":6,"minecraft:oak_fence":7,"minecraft:armor_stand":1,"minecraft:spruce_planks":95,"minecraft:torch":262,"minecraft:dirt":34,"minecraft:red_nether_brick_slab":2,"minecraft:wheat":2,"minecraft:spruce_stairs":2,"minecraft:granite":5,"minecraft:dark_oak_planks":8,"minecraft:wooden_axe":37,"minecraft:brick_stairs":5,"minecraft:iron_boots":2,"minecraft:barrel":4,"minecraft:smooth_basalt":5,"minecraft:light_gray_wool":6,"minecraft:acacia_planks":8,"minecraft:iron_leggings":3,"minecraft:wheat_seeds":3,"minecraft:birch_planks":4,"minecraft:glass_bottle":3,"minecraft:cyan_candle":3,"minecraft:polished_andesite":47,"minecraft:mossy_cobblestone":7,"minecraft:terracotta":15,"minecraft:crafting_table":6,"minecraft:white_bed":5,"minecraft:painting":1,"bosses_of_mass_destruction:soul_star":1,"minecraft:spruce_log":10,"minecraft:cake":3,"minecraft:smoker":1,"minecraft:wooden_hoe":5,"minecraft:iron_pickaxe":287,"minecraft:leather_helmet":1,"minecraft:spruce_trapdoor":4,"minecraft:spruce_sapling":1,"minecraft:golden_leggings":1,"minecraft:stone_axe":240,"minecraft:cobblestone":17,"minecraft:potion":11,"minecraft:cooked_porkchop":3,"minecraft:red_banner":2,"minecraft:pumpkin_pie":10,"minecraft:jukebox":1,"minecraft:chainmail_leggings":1},"minecraft:mined":{"minecraft:dark_oak_planks":13,"minecraft:spruce_planks":41,"minecraft:white_bed":3,"minecraft:brewing_stand":1,"minecraft:spruce_trapdoor":7,"minecraft:granite":5,"minecraft:grass_block":3,"minecraft:coal_block":7,"minecraft:spawner":21,"minecraft:barrel":4,"minecraft:iron_ore":13,"minecraft:fire":31,"minecraft:dark_oak_stairs":10,"minecraft:player_head":2,"minecraft:blackstone":2,"minecraft:smoker":1,"minecraft:torch":55,"minecraft:dark_oak_wood":8,"minecraft:blast_furnace":1,"minecraft:poppy":1,"minecraft:melon":3,"minecraft:chest":6,"minecraft:birch_wood":2,"minecraft:cobblestone":5,"minecraft:sugar_cane":2,"minecraft:oak_planks":2,"minecraft:damaged_anvil":2,"minecraft:bricks":54,"minecraft:wall_torch":48,"minecraft:chain":15,"minecraft:cyan_wool":1,"minecraft:wheat":2,"minecraft:jukebox":2,"minecraft:light_gray_wool":6,"minecraft:grass":1,"minecraft:loom":2,"minecraft:dirt":18,"minecraft:smooth_basalt":5,"minecraft:tripwire_hook":2,"minecraft:cyan_candle":1,"minecraft:yellow_terracotta":1,"minecraft:mossy_cobblestone":7,"minecraft:potted_wither_rose":1,"minecraft:dark_oak_log":1,"minecraft:ladder":4,"minecraft:spruce_fence":1,"minecraft:brick_stairs":6,"minecraft:brown_mushroom_block":16,"minecraft:spruce_leaves":12,"minecraft:large_fern":4,"minecraft:hay_block":61,"minecraft:acacia_wood":2,"minecraft:bookshelf":2,"minecraft:potatoes":2,"minecraft:deepslate_iron_ore":1,"minecraft:rail":1,"minecraft:lantern":4,"minecraft:packed_ice":5,"minecraft:stone":32,"minecraft:podzol":3,"minecraft:spruce_door":1,"minecraft:oak_fence":12,"minecraft:crafting_table":4,"minecraft:rose_bush":3,"minecraft:campfire":1,"minecraft:deepslate_coal_ore":1,"minecraft:lapis_ore":1,"minecraft:spruce_stairs":2,"minecraft:brick_slab":4,"minecraft:spruce_log":28,"minecraft:birch_leaves":23,"minecraft:red_wall_banner":2,"minecraft:mangrove_slab":1,"minecraft:coal_ore":44,"minecraft:gravel":5,"minecraft:cyan_carpet":1,"minecraft:gray_carpet":2,"minecraft:terracotta":9,"minecraft:stone_bricks":4,"minecraft:polished_andesite":49,"minecraft:mossy_stone_bricks":2,"minecraft:fern":11},"minecraft:picked_up":{"minecraft:wooden_axe":2,"minecraft:music_disc_strad":1,"minecraft:wheat":2,"minecraft:flower_pot":2,"minecraft:enchanted_book":1,"minecraft:wither_rose":1,"minecraft:potion":4,"minecraft:brewing_stand":1,"minecraft:string":13,"minecraft:armor_stand":1,"minecraft:experience_bottle":25,"bosses_of_mass_destruction:soul_star":2,"comforts:sleeping_bag_white":1,"minecraft:spruce_planks":84,"minecraft:rose_bush":22,"minecraft:calcite":1,"minecraft:iron_pickaxe":1,"minecraft:melon_slice":12,"hangglider:hang_glider":4,"minecraft:coal_block":7,"minecraft:stick":123,"minecraft:beehive":1,"minecraft:jukebox":2,"minecraft:oak_fence":22,"minecraft:torch":352,"minecraft:spruce_stairs":6,"minecraft:porkchop":13,"minecraft:zombie_spawn_egg":2,"minecraft:rotten_flesh":84,"minecraft:cobblestone":72,"minecraft:nautilus_shell":1,"minecraft:lilac":8,"minecraft:smoker":1,"minecraft:potato":19,"minecraft:lapis_lazuli":4,"minecraft:mangrove_slab":2,"minecraft:dirt":85,"minecraft:lantern":4,"minecraft:name_tag":1,"minecraft:bone":159,"minecraft:bow":3,"minecraft:wheat_seeds":12,"adventurez:raw_venison":10,"minecraft:birch_wood":3,"minecraft:dark_oak_sign":18,"minecraft:mossy_stone_bricks":2,"minecraft:cyan_candle":3,"minecraft:oak_planks":2,"minecraft:cooked_porkchop":7,"patchouli:guide_book":3,"minecraft:loom":2,"minecraft:cyan_bed":2,"minecraft:dark_oak_log":1,"minecraft:barrel":4,"minecraft:mossy_cobblestone":13,"minecraft:skeleton_spawn_egg":6,"minecraft:polished_andesite":47,"minecraft:soul_lantern":1,"minecraft:crossbow":1,"minecraft:granite":6,"minecraft:chainmail_helmet":1,"minecraft:bread":3,"minecraft:emerald":17,"minecraft:bricks":55,"minecraft:andesite_slab":1,"minecraft:charcoal":4,"minecraft:crafting_table":7,"minecraft:chicken":1,"minecraft:ladder":3,"minecraft:brown_mushroom":3,"minecraft:wooden_pickaxe":1,"minecraft:chain":9,"minecraft:item_frame":4,"minecraft:cyan_carpet":4,"minecraft:blackstone":1,"minecraft:blue_orchid":8,"graveyard:corruption":1,"minecraft:beef":2,"minecraft:player_head":7,"minecraft:cyan_wool":1,"minecraft:poppy":1,"minecraft:light_gray_wool":6,"minecraft:birch_sapling":1,"minecraft:sugar_cane":3,"minecraft:chest":10,"minecraft:spruce_trapdoor":18,"minecraft:phantom_membrane":1,"minecraft:egg":4,"minecraft:raw_iron":15,"minecraft:stripped_mangrove_wood":4,"minecraft:bowl":2,"minecraft:spruce_fence":2,"minecraft:cake":2,"creeperoverhaul:spruce_creeper_spawn_egg":1,"minecraft:redstone":14,"minecraft:dark_oak_planks":15,"minecraft:arrow":224,"minecraft:hay_block":72,"minecraft:yellow_terracotta":1,"minecraft:glistering_melon_slice":6,"minecraft:brick_stairs":6,"minecraft:mutton":8,"minecraft:rail":1,"minecraft:white_wool":14,"minecraft:tripwire_hook":5,"minecraft:leather":5,"minecraft:acacia_wood":2,"minecraft:birch_planks":4,"minecraft:mushroom_stew":2,"minecraft:gunpowder":15,"minecraft:wooden_hoe":1,"minecraft:podzol":1,"minecraft:gray_carpet":4,"minecraft:apple":27,"minecraft:stone_bricks":4,"minecraft:iron_ingot":9,"simplyswords:iron_spear":1,"minecraft:dark_oak_stairs":9,"minecraft:book":6,"minecraft:smooth_basalt":5,"minecraft:milk_bucket":2,"minecraft:sweet_berries":103,"minecraft:gravel":7,"minecraft:red_banner":2,"minecraft:spruce_sapling":17,"minecraft:blast_furnace":1,"minecraft:white_bed":3,"minecraft:spruce_log":33,"minecraft:spider_eye":5,"minecraft:spruce_door":1,"minecraft:brick_slab":6,"minecraft:pumpkin_seeds":4,"minecraft:painting":1,"minecraft:red_nether_brick_slab":3,"minecraft:terracotta":27,"minecraft:damaged_anvil":4,"minecraft:dark_oak_wood":8,"minecraft:coal":65,"minecraft:ender_pearl":2},"minecraft:crafted":{"minecraft:cooked_mutton":8,"minecraft:bow":1,"minecraft:iron_boots":2,"minecraft:crafting_table":2,"minecraft:spruce_planks":60,"minecraft:iron_helmet":1,"minecraft:wooden_pickaxe":1,"minecraft:spruce_door":3,"minecraft:gold_block":10,"minecraft:hay_block":2,"minecraft:birch_planks":12,"simplyswords:iron_glaive":3,"minecraft:iron_chestplate":2,"minecraft:emerald_block":7,"minecraft:stick":28,"minecraft:iron_ingot":23,"minecraft:iron_block":22,"minecraft:coal":18,"simplyswords:iron_spear":1,"minecraft:bone_meal":6,"minecraft:stone_pickaxe":2,"minecraft:dark_oak_planks":24,"minecraft:wheat":27,"minecraft:coal_block":2,"minecraft:sugar":1,"minecraft:bone_block":7,"minecraft:stone_axe":3,"minecraft:bread":3,"minecraft:air":0,"minecraft:wooden_axe":1,"minecraft:iron_leggings":1,"minecraft:white_bed":3,"minecraft:acacia_planks":8,"minecraft:torch":208,"minecraft:lapis_block":13},"minecraft:killed_by":{"minecraft:pillager":1,"graveyard:skeleton_creeper":2,"minecraft:vindicator":4,"minecraft:witch":1,"minecraft:zombie":1,"minecraft:illusioner":1,"minecraft:husk":1,"minecraft:player":3,"minecraft:spider":2,"minecraft:bee":1,"minecraft:skeleton":25},"minecraft:dropped":{"minecraft:dark_oak_stairs":2,"minecraft:brown_mushroom":2,"minecraft:porkchop":5,"minecraft:stripped_mangrove_wood":4,"minecraft:glass_bottle":3,"minecraft:red_nether_brick_slab":3,"minecraft:leather":1,"minecraft:rail":1,"minecraft:item_frame":2,"minecraft:dirt":4,"minecraft:mutton":2,"minecraft:chain":1,"minecraft:pumpkin_pie":4,"minecraft:sugar":2,"minecraft:glistering_melon_slice":13,"minecraft:iron_pickaxe":1,"minecraft:mangrove_slab":2,"minecraft:white_wool":2,"minecraft:cyan_carpet":2,"minecraft:gold_ingot":9,"minecraft:gravel":7,"minecraft:stone_axe":1,"minecraft:andesite_slab":2,"minecraft:birch_sapling":1,"minecraft:beetroot":24,"minecraft:rotten_flesh":25,"minecraft:beehive":1,"minecraft:white_bed":1,"minecraft:carrot":13,"minecraft:gunpowder":3,"minecraft:skeleton_skull":1,"minecraft:charcoal":2,"minecraft:chest":2,"minecraft:painting":1,"minecraft:arrow":2,"minecraft:beef":2,"minecraft:podzol":1,"minecraft:bread":71,"minecraft:wheat_seeds":7,"minecraft:mossy_cobblestone":3,"minecraft:cobblestone":2,"minecraft:book":34,"minecraft:apple":25,"minecraft:granite":1,"minecraft:spruce_stairs":2,"minecraft:chainmail_helmet":1,"minecraft:coal":2,"minecraft:mushroom_stew":1,"minecraft:stick":1,"minecraft:cobweb":1,"minecraft:torch":3,"minecraft:rose_bush":48,"minecraft:potion":7,"minecraft:tripwire_hook":2,"minecraft:bucket":1,"minecraft:gray_carpet":3,"minecraft:spruce_sapling":12,"minecraft:redstone":10,"minecraft:sweet_berries":62,"minecraft:player_head":1,"minecraft:dark_oak_sign":8,"minecraft:bowl":2,"minecraft:raw_iron":2,"minecraft:red_banner":1,"minecraft:chicken":1,"minecraft:spruce_fence":1,"minecraft:pumpkin_seeds":4,"minecraft:hay_block":8,"minecraft:spruce_trapdoor":3,"minecraft:spruce_planks":6,"minecraft:mossy_stone_bricks":2,"minecraft:iron_chestplate":1,"minecraft:cake":1,"minecraft:stone_bricks":4,"minecraft:spider_eye":1,"simplyswords:iron_spear":2,"minecraft:bow":1,"minecraft:blue_orchid":9,"minecraft:wooden_pickaxe":1,"minecraft:calcite":1},"minecraft:killed":{"minecraft:witch":3,"graveyard:skeleton_creeper":1,"minecraft:spider":10,"minecraft:skeleton":58,"minecraft:chicken":1,"minecraft:illusioner":1,"minecraft:pig":7,"minecraft:creeper":1,"minecraft:sheep":6,"minecraft:pillager":3,"minecraft:zombie":54,"minecraft:stray":1,"minecraft:cow":1,"minecraft:vindicator":1,"minecraft:phantom":1,"creeperoverhaul:snowy_creeper":9,"minecraft:drowned":1,"minecraft:husk":1,"graveyard:ghoul":3,"adventurez:deer":5,"minecraft:enderman":3}},"DataVersion":3465}