{"stats":{"minecraft:killed_by":{"minecraft:husk":1,"minecraft:player":1,"minecraft:pillager":1,"graveyard:skeleton_creeper":1,"minecraft:vindicator":4,"minecraft:skeleton":1,"minecraft:zombie":1},"minecraft:crafted":{"simplyswords:iron_spear":1,"minecraft:cooked_mutton":8,"minecraft:stone_pickaxe":1,"minecraft:dark_oak_planks":4,"minecraft:wheat":27,"minecraft:sugar":1,"minecraft:spruce_planks":52,"minecraft:wooden_pickaxe":1,"minecraft:spruce_door":3,"minecraft:hay_block":2,"minecraft:stone_axe":2,"minecraft:air":0,"minecraft:bread":3,"minecraft:stick":4,"minecraft:wooden_axe":1,"minecraft:white_bed":2,"minecraft:torch":28},"minecraft:killed":{"minecraft:spider":3,"minecraft:vindicator":1,"creeperoverhaul:snowy_creeper":5,"minecraft:skeleton":2,"minecraft:chicken":1,"minecraft:pig":6,"minecraft:sheep":6,"minecraft:pillager":3,"adventurez:deer":5,"minecraft:zombie":18,"minecraft:stray":1,"minecraft:cow":1},"minecraft:mined":{"minecraft:dark_oak_planks":8,"minecraft:spruce_planks":18,"minecraft:white_bed":2,"minecraft:mossy_cobblestone":1,"minecraft:dark_oak_log":1,"minecraft:brewing_stand":1,"minecraft:grass_block":1,"minecraft:spruce_leaves":3,"minecraft:spawner":1,"minecraft:large_fern":2,"minecraft:hay_block":15,"minecraft:barrel":1,"minecraft:rail":1,"minecraft:packed_ice":5,"minecraft:stone":16,"minecraft:player_head":2,"minecraft:smoker":1,"minecraft:spruce_door":1,"minecraft:oak_fence":12,"minecraft:crafting_table":3,"minecraft:torch":2,"minecraft:blast_furnace":1,"minecraft:chest":3,"minecraft:cobblestone":5,"minecraft:damaged_anvil":1,"minecraft:oak_planks":2,"minecraft:sugar_cane":2,"minecraft:wall_torch":3,"minecraft:spruce_log":28,"minecraft:light_gray_wool":6,"minecraft:red_wall_banner":2,"minecraft:grass":1,"minecraft:coal_ore":2,"minecraft:gravel":3,"minecraft:dirt":3,"minecraft:tripwire_hook":2,"minecraft:stone_bricks":4,"minecraft:mossy_stone_bricks":2,"minecraft:cyan_candle":1,"minecraft:fern":4},"minecraft:used":{"minecraft:oak_fence":7,"minecraft:spruce_planks":56,"minecraft:chest":3,"minecraft:player_head":1,"minecraft:rotten_flesh":19,"minecraft:torch":12,"minecraft:dirt":4,"minecraft:wooden_axe":11,"minecraft:dark_oak_planks":2,"minecraft:barrel":1,"minecraft:light_gray_wool":6,"minecraft:hay_block":4,"minecraft:sweet_berries":38,"minecraft:egg":1,"minecraft:iron_leggings":1,"minecraft:dark_oak_sapling":1,"simplyswords:iron_spear":76,"minecraft:spruce_door":2,"minecraft:cyan_candle":3,"minecraft:stone_pickaxe":12,"minecraft:oak_planks":2,"minecraft:wooden_pickaxe":58,"minecraft:leather_chestplate":1,"minecraft:mossy_cobblestone":1,"minecraft:crafting_table":3,"minecraft:blast_furnace":1,"minecraft:white_bed":3,"minecraft:smoker":1,"minecraft:spruce_log":10,"minecraft:wooden_hoe":5,"minecraft:bread":4,"minecraft:spruce_sapling":1,"minecraft:stone_axe":129,"minecraft:cobblestone":5,"minecraft:potion":5,"minecraft:red_banner":2,"minecraft:air":1},"minecraft:dropped":{"minecraft:bread":42,"minecraft:porkchop":5,"minecraft:wheat_seeds":2,"minecraft:mossy_cobblestone":3,"minecraft:cobblestone":2,"minecraft:leather":1,"minecraft:apple":9,"minecraft:rail":1,"minecraft:coal":2,"minecraft:mushroom_stew":1,"minecraft:torch":1,"minecraft:mutton":2,"minecraft:potion":6,"minecraft:pumpkin_pie":4,"minecraft:glistering_melon_slice":13,"minecraft:sugar":1,"minecraft:white_wool":2,"minecraft:spruce_sapling":3,"minecraft:gold_ingot":9,"minecraft:gravel":3,"minecraft:stone_axe":1,"minecraft:sweet_berries":61,"minecraft:red_banner":1,"minecraft:beetroot":15,"minecraft:chicken":1,"minecraft:white_bed":1,"minecraft:carrot":13,"minecraft:hay_block":8,"minecraft:mossy_stone_bricks":2,"minecraft:stone_bricks":4,"simplyswords:iron_spear":1,"minecraft:arrow":2,"minecraft:bow":1,"minecraft:wooden_pickaxe":1,"minecraft:beef":2},"minecraft:broken":{"minecraft:stone_axe":1},"minecraft:picked_up":{"minecraft:wooden_axe":2,"minecraft:charcoal":2,"minecraft:crafting_table":4,"minecraft:chicken":1,"minecraft:wooden_pickaxe":1,"minecraft:potion":3,"minecraft:brewing_stand":1,"minecraft:string":3,"minecraft:item_frame":4,"minecraft:spruce_planks":24,"minecraft:beef":2,"minecraft:player_head":4,"minecraft:light_gray_wool":6,"minecraft:sugar_cane":3,"minecraft:chest":3,"minecraft:egg":1,"minecraft:stick":109,"minecraft:oak_fence":17,"minecraft:torch":61,"minecraft:bowl":2,"minecraft:porkchop":10,"minecraft:dark_oak_planks":7,"minecraft:zombie_spawn_egg":1,"minecraft:arrow":49,"minecraft:rotten_flesh":24,"minecraft:hay_block":27,"minecraft:mutton":8,"minecraft:cobblestone":36,"minecraft:rail":1,"minecraft:white_wool":10,"minecraft:tripwire_hook":3,"minecraft:leather":5,"minecraft:smoker":1,"minecraft:mushroom_stew":2,"minecraft:wooden_hoe":1,"minecraft:dirt":8,"minecraft:bone":7,"minecraft:apple":9,"minecraft:stone_bricks":4,"minecraft:bow":1,"minecraft:wheat_seeds":3,"adventurez:raw_venison":10,"minecraft:mossy_stone_bricks":2,"minecraft:cyan_candle":3,"minecraft:oak_planks":2,"simplyswords:iron_spear":1,"minecraft:cooked_porkchop":1,"minecraft:sweet_berries":88,"patchouli:guide_book":3,"minecraft:gravel":3,"minecraft:spruce_sapling":9,"minecraft:red_banner":2,"minecraft:blast_furnace":1,"minecraft:white_bed":2,"minecraft:spruce_log":32,"minecraft:barrel":1,"minecraft:spider_eye":3,"minecraft:dark_oak_log":1,"minecraft:spruce_door":1,"minecraft:mossy_cobblestone":1,"minecraft:crossbow":1,"minecraft:emerald":1,"minecraft:damaged_anvil":2,"minecraft:coal":9},"minecraft:custom":{"minecraft:interact_with_smithing_table":1,"minecraft:mob_kills":52,"minecraft:interact_with_crafting_table":19,"minecraft:open_barrel":14,"minecraft:time_since_death":1628,"minecraft:climb_one_cm":5056,"minecraft:sprint_one_cm":257853,"minecraft:walk_one_cm":594797,"minecraft:drop":59,"minecraft:play_time":104292,"minecraft:deaths":10,"minecraft:sneak_time":693,"minecraft:interact_with_brewingstand":1,"minecraft:jump":1932,"minecraft:interact_with_blast_furnace":4,"minecraft:walk_on_water_one_cm":196,"minecraft:total_world_time":104292,"minecraft:interact_with_furnace":9,"minecraft:time_since_rest":1788,"minecraft:damage_taken":3329,"minecraft:damage_dealt":8649,"minecraft:fly_one_cm":428504,"minecraft:open_chest":60,"minecraft:crouch_one_cm":444,"minecraft:interact_with_smoker":5,"minecraft:fall_one_cm":45562}},"DataVersion":3465}