{"stats":{"minecraft:killed_by":{"minecraft:pillager":1,"graveyard:skeleton_creeper":1,"minecraft:vindicator":4,"minecraft:zombie":1,"minecraft:illusioner":1,"minecraft:husk":1,"minecraft:player":2,"minecraft:skeleton":8},"minecraft:crafted":{"minecraft:cooked_mutton":8,"minecraft:iron_boots":1,"minecraft:crafting_table":1,"minecraft:spruce_planks":60,"minecraft:wooden_pickaxe":1,"minecraft:spruce_door":3,"minecraft:hay_block":2,"simplyswords:iron_glaive":1,"minecraft:iron_chestplate":1,"minecraft:stick":12,"minecraft:iron_ingot":14,"simplyswords:iron_spear":1,"minecraft:bone_meal":6,"minecraft:stone_pickaxe":2,"minecraft:dark_oak_planks":24,"minecraft:wheat":27,"minecraft:sugar":1,"minecraft:bone_block":7,"minecraft:stone_axe":3,"minecraft:bread":3,"minecraft:air":0,"minecraft:wooden_axe":1,"minecraft:white_bed":2,"minecraft:torch":136},"minecraft:killed":{"minecraft:spider":5,"minecraft:skeleton":19,"minecraft:chicken":1,"minecraft:illusioner":1,"minecraft:pig":7,"minecraft:creeper":1,"minecraft:sheep":6,"minecraft:pillager":3,"minecraft:zombie":45,"minecraft:stray":1,"minecraft:cow":1,"minecraft:vindicator":1,"creeperoverhaul:snowy_creeper":9,"minecraft:drowned":1,"minecraft:husk":1,"graveyard:ghoul":1,"adventurez:deer":5,"minecraft:enderman":1},"minecraft:mined":{"minecraft:dark_oak_planks":11,"minecraft:spruce_planks":30,"minecraft:white_bed":2,"minecraft:brewing_stand":1,"minecraft:spruce_trapdoor":2,"minecraft:grass_block":1,"minecraft:coal_block":7,"minecraft:spawner":7,"minecraft:iron_ore":13,"minecraft:barrel":1,"minecraft:player_head":2,"minecraft:blackstone":2,"minecraft:smoker":1,"minecraft:torch":11,"minecraft:dark_oak_wood":8,"minecraft:blast_furnace":1,"minecraft:poppy":1,"minecraft:melon":3,"minecraft:chest":5,"minecraft:cobblestone":5,"minecraft:damaged_anvil":2,"minecraft:oak_planks":2,"minecraft:sugar_cane":2,"minecraft:wall_torch":19,"minecraft:cyan_wool":1,"minecraft:wheat":2,"minecraft:jukebox":2,"minecraft:light_gray_wool":6,"minecraft:grass":1,"minecraft:dirt":3,"minecraft:loom":2,"minecraft:smooth_basalt":5,"minecraft:tripwire_hook":2,"minecraft:cyan_candle":1,"minecraft:yellow_terracotta":1,"minecraft:mossy_cobblestone":1,"minecraft:potted_wither_rose":1,"minecraft:dark_oak_log":1,"minecraft:brown_mushroom_block":16,"minecraft:spruce_leaves":12,"minecraft:large_fern":3,"minecraft:hay_block":61,"minecraft:bookshelf":2,"minecraft:potatoes":2,"minecraft:deepslate_iron_ore":1,"minecraft:rail":1,"minecraft:packed_ice":5,"minecraft:stone":18,"minecraft:spruce_door":1,"minecraft:oak_fence":12,"minecraft:crafting_table":4,"minecraft:rose_bush":1,"minecraft:campfire":1,"minecraft:deepslate_coal_ore":1,"minecraft:lapis_ore":1,"minecraft:spruce_stairs":1,"minecraft:birch_leaves":3,"minecraft:spruce_log":28,"minecraft:red_wall_banner":2,"minecraft:mangrove_slab":1,"minecraft:coal_ore":44,"minecraft:gravel":5,"minecraft:cyan_carpet":1,"minecraft:gray_carpet":2,"minecraft:stone_bricks":4,"minecraft:mossy_stone_bricks":2,"minecraft:fern":7},"minecraft:used":{"minecraft:poppy":1,"minecraft:chest":3,"minecraft:player_head":2,"minecraft:rotten_flesh":50,"minecraft:iron_chestplate":2,"minecraft:cyan_wool":1,"minecraft:item_frame":2,"minecraft:hay_block":4,"minecraft:written_book":1,"minecraft:sweet_berries":58,"minecraft:egg":2,"minecraft:potato":2,"simplyswords:iron_spear":181,"minecraft:dark_oak_sapling":1,"minecraft:spruce_door":2,"minecraft:stone_pickaxe":145,"minecraft:gray_carpet":1,"minecraft:oak_planks":2,"minecraft:blackstone":1,"minecraft:leather_chestplate":1,"minecraft:wooden_pickaxe":59,"minecraft:chainmail_helmet":2,"minecraft:yellow_terracotta":1,"minecraft:loom":1,"minecraft:mushroom_stew":1,"minecraft:blast_furnace":1,"minecraft:crossbow":13,"minecraft:pumpkin_seeds":8,"minecraft:cyan_bed":1,"minecraft:bread":25,"simplyswords:iron_glaive":103,"minecraft:air":1,"minecraft:bone_meal":6,"minecraft:oak_fence":7,"minecraft:armor_stand":1,"minecraft:spruce_planks":67,"minecraft:torch":155,"minecraft:dirt":4,"minecraft:red_nether_brick_slab":2,"minecraft:wheat":2,"minecraft:spruce_stairs":1,"minecraft:wooden_axe":37,"minecraft:dark_oak_planks":5,"minecraft:iron_boots":2,"minecraft:barrel":1,"minecraft:smooth_basalt":5,"minecraft:light_gray_wool":6,"minecraft:iron_leggings":2,"minecraft:wheat_seeds":3,"minecraft:cyan_candle":3,"minecraft:mossy_cobblestone":1,"minecraft:crafting_table":5,"minecraft:white_bed":3,"minecraft:painting":1,"bosses_of_mass_destruction:soul_star":1,"minecraft:smoker":1,"minecraft:cake":1,"minecraft:spruce_log":10,"minecraft:wooden_hoe":5,"minecraft:iron_pickaxe":36,"minecraft:leather_helmet":1,"minecraft:spruce_sapling":1,"minecraft:golden_leggings":1,"minecraft:stone_axe":240,"minecraft:cobblestone":7,"minecraft:potion":11,"minecraft:cooked_porkchop":3,"minecraft:red_banner":2,"minecraft:pumpkin_pie":7,"minecraft:jukebox":1,"minecraft:chainmail_leggings":1},"minecraft:dropped":{"minecraft:brown_mushroom":2,"minecraft:porkchop":5,"minecraft:stripped_mangrove_wood":4,"minecraft:red_nether_brick_slab":3,"minecraft:leather":1,"minecraft:rail":1,"minecraft:dirt":2,"minecraft:mutton":2,"minecraft:pumpkin_pie":4,"minecraft:glistering_melon_slice":13,"minecraft:sugar":2,"minecraft:iron_pickaxe":1,"minecraft:white_wool":2,"minecraft:mangrove_slab":2,"minecraft:cyan_carpet":2,"minecraft:gold_ingot":9,"minecraft:gravel":7,"minecraft:stone_axe":1,"minecraft:beetroot":15,"minecraft:rotten_flesh":21,"minecraft:white_bed":1,"minecraft:carrot":13,"minecraft:chest":2,"minecraft:arrow":2,"minecraft:beef":2,"minecraft:bread":71,"minecraft:wheat_seeds":6,"minecraft:mossy_cobblestone":3,"minecraft:cobblestone":2,"minecraft:apple":25,"minecraft:chainmail_helmet":1,"minecraft:coal":2,"minecraft:mushroom_stew":1,"minecraft:torch":2,"minecraft:potion":7,"minecraft:tripwire_hook":2,"minecraft:gray_carpet":3,"minecraft:spruce_sapling":10,"minecraft:sweet_berries":62,"minecraft:player_head":1,"minecraft:dark_oak_sign":8,"minecraft:bowl":2,"minecraft:red_banner":1,"minecraft:chicken":1,"minecraft:pumpkin_seeds":1,"minecraft:hay_block":8,"minecraft:spruce_trapdoor":3,"minecraft:spruce_planks":6,"minecraft:cake":1,"minecraft:mossy_stone_bricks":2,"minecraft:stone_bricks":4,"simplyswords:iron_spear":2,"minecraft:bow":1,"minecraft:wooden_pickaxe":1,"minecraft:calcite":1},"minecraft:broken":{"minecraft:stone_pickaxe":1,"minecraft:stone_axe":2,"minecraft:wooden_axe":1,"minecraft:leather_chestplate":1,"minecraft:wooden_pickaxe":1,"minecraft:leather_boots":1},"minecraft:picked_up":{"minecraft:wooden_axe":2,"minecraft:wheat":2,"minecraft:flower_pot":2,"minecraft:wither_rose":1,"minecraft:potion":4,"minecraft:brewing_stand":1,"minecraft:string":3,"minecraft:armor_stand":1,"bosses_of_mass_destruction:soul_star":1,"minecraft:spruce_planks":51,"minecraft:calcite":1,"minecraft:iron_pickaxe":1,"minecraft:melon_slice":12,"hangglider:hang_glider":4,"minecraft:coal_block":7,"minecraft:stick":114,"minecraft:jukebox":2,"minecraft:oak_fence":22,"minecraft:torch":231,"minecraft:spruce_stairs":1,"minecraft:porkchop":13,"minecraft:zombie_spawn_egg":2,"minecraft:rotten_flesh":69,"minecraft:cobblestone":46,"minecraft:nautilus_shell":1,"minecraft:smoker":1,"minecraft:potato":19,"minecraft:lapis_lazuli":4,"minecraft:mangrove_slab":2,"minecraft:dirt":10,"minecraft:bone":35,"minecraft:bow":1,"minecraft:wheat_seeds":12,"adventurez:raw_venison":10,"minecraft:dark_oak_sign":18,"minecraft:cyan_candle":3,"minecraft:mossy_stone_bricks":2,"minecraft:oak_planks":2,"minecraft:cooked_porkchop":7,"patchouli:guide_book":3,"minecraft:loom":2,"minecraft:cyan_bed":2,"minecraft:barrel":1,"minecraft:dark_oak_log":1,"minecraft:mossy_cobblestone":1,"minecraft:skeleton_spawn_egg":4,"minecraft:soul_lantern":1,"minecraft:crossbow":1,"minecraft:emerald":1,"minecraft:chainmail_helmet":1,"minecraft:charcoal":4,"minecraft:crafting_table":5,"minecraft:chicken":1,"minecraft:brown_mushroom":3,"minecraft:wooden_pickaxe":1,"minecraft:item_frame":4,"minecraft:blackstone":1,"minecraft:cyan_carpet":4,"minecraft:beef":2,"minecraft:player_head":7,"minecraft:cyan_wool":1,"minecraft:poppy":1,"minecraft:light_gray_wool":6,"minecraft:sugar_cane":3,"minecraft:chest":9,"minecraft:spruce_trapdoor":3,"minecraft:egg":4,"minecraft:raw_iron":15,"minecraft:stripped_mangrove_wood":4,"minecraft:bowl":2,"minecraft:cake":2,"minecraft:dark_oak_planks":12,"minecraft:arrow":92,"minecraft:hay_block":72,"minecraft:yellow_terracotta":1,"minecraft:glistering_melon_slice":6,"minecraft:mutton":8,"minecraft:rail":1,"minecraft:white_wool":14,"minecraft:tripwire_hook":5,"minecraft:leather":5,"minecraft:mushroom_stew":2,"minecraft:wooden_hoe":1,"minecraft:stone_bricks":4,"minecraft:apple":27,"minecraft:gray_carpet":4,"minecraft:iron_ingot":9,"simplyswords:iron_spear":1,"minecraft:book":6,"minecraft:smooth_basalt":5,"minecraft:sweet_berries":103,"minecraft:gravel":7,"minecraft:spruce_sapling":16,"minecraft:red_banner":2,"minecraft:spruce_log":33,"minecraft:blast_furnace":1,"minecraft:white_bed":2,"minecraft:spider_eye":4,"minecraft:spruce_door":1,"minecraft:pumpkin_seeds":1,"minecraft:painting":1,"minecraft:red_nether_brick_slab":3,"minecraft:damaged_anvil":4,"minecraft:dark_oak_wood":8,"minecraft:coal":65},"minecraft:custom":{"minecraft:interact_with_crafting_table":29,"minecraft:open_barrel":70,"minecraft:bell_ring":15,"minecraft:eat_cake_slice":5,"minecraft:leave_game":1,"minecraft:time_since_death":4508,"minecraft:sprint_one_cm":598794,"minecraft:drop":120,"minecraft:talked_to_villager":2,"minecraft:play_time":295966,"minecraft:deaths":19,"minecraft:jump":4610,"minecraft:interact_with_brewingstand":1,"minecraft:walk_on_water_one_cm":61991,"minecraft:interact_with_furnace":17,"minecraft:interact_with_cartography_table":2,"minecraft:interact_with_loom":3,"minecraft:sleep_in_bed":4,"minecraft:damage_dealt":20126,"minecraft:crouch_one_cm":855,"minecraft:interact_with_smoker":7,"minecraft:interact_with_smithing_table":1,"minecraft:mob_kills":111,"minecraft:interact_with_campfire":4,"minecraft:climb_one_cm":12903,"minecraft:walk_one_cm":1481345,"minecraft:sneak_time":1483,"minecraft:walk_under_water_one_cm":58064,"minecraft:interact_with_lectern":1,"minecraft:interact_with_blast_furnace":28,"minecraft:total_world_time":295966,"minecraft:tune_noteblock":7,"minecraft:time_since_rest":4649,"minecraft:damage_taken":7881,"minecraft:swim_one_cm":154842,"minecraft:fly_one_cm":949343,"minecraft:open_chest":172,"minecraft:fall_one_cm":86507}},"DataVersion":3465}