{"stats":{"minecraft:broken":{"minecraft:iron_boots":2,"minecraft:iron_chestplate":1,"minecraft:iron_leggings":1,"minecraft:stone_pickaxe":2,"minecraft:stone_axe":2,"minecraft:wooden_axe":1,"minecraft:chainmail_helmet":1,"minecraft:leather_chestplate":1,"minecraft:wooden_pickaxe":1,"minecraft:iron_axe":1,"minecraft:leather_boots":1,"minecraft:iron_pickaxe":3,"minecraft:iron_helmet":1,"simplyswords:iron_glaive":2},"minecraft:custom":{"minecraft:interact_with_crafting_table":62,"minecraft:open_barrel":362,"minecraft:bell_ring":15,"minecraft:eat_cake_slice":17,"minecraft:leave_game":2,"minecraft:time_since_death":126567,"minecraft:sprint_one_cm":1346057,"minecraft:drop":234,"minecraft:talked_to_villager":5,"minecraft:play_time":685858,"minecraft:deaths":52,"minecraft:jump":8832,"minecraft:interact_with_brewingstand":1,"minecraft:walk_on_water_one_cm":67281,"minecraft:interact_with_furnace":20,"minecraft:interact_with_cartography_table":2,"minecraft:interact_with_loom":4,"minecraft:sleep_in_bed":10,"minecraft:damage_dealt":45812,"minecraft:crouch_one_cm":41139,"minecraft:interact_with_smoker":8,"minecraft:horse_one_cm":5145,"minecraft:interact_with_smithing_table":1,"minecraft:interact_with_anvil":1,"minecraft:mob_kills":201,"minecraft:interact_with_campfire":4,"minecraft:climb_one_cm":94886,"minecraft:walk_one_cm":3833847,"minecraft:sneak_time":14291,"minecraft:walk_under_water_one_cm":58989,"minecraft:interact_with_lectern":1,"minecraft:interact_with_blast_furnace":28,"minecraft:total_world_time":685858,"minecraft:tune_noteblock":7,"minecraft:time_since_rest":126701,"minecraft:damage_taken":19857,"minecraft:swim_one_cm":160674,"minecraft:fly_one_cm":1671498,"minecraft:open_chest":376,"minecraft:fall_one_cm":169947},"minecraft:used":{"minecraft:beetroot":3,"minecraft:spruce_slab":3,"minecraft:ladder":5,"minecraft:poppy":1,"minecraft:chest":3,"minecraft:player_head":2,"minecraft:rotten_flesh":66,"minecraft:iron_chestplate":3,"minecraft:brick_slab":6,"minecraft:tuff":1,"minecraft:cyan_wool":1,"minecraft:milk_bucket":1,"minecraft:honey_bottle":54,"minecraft:bricks":61,"minecraft:lantern":4,"minecraft:item_frame":2,"minecraft:hay_block":4,"minecraft:written_book":1,"minecraft:sweet_berries":73,"minecraft:skeleton_skull":1,"minecraft:egg":2,"minecraft:potato":2,"minecraft:dark_oak_sapling":1,"simplyswords:iron_spear":181,"minecraft:dark_oak_stairs":12,"minecraft:spruce_door":2,"minecraft:gray_carpet":1,"minecraft:stone_pickaxe":300,"minecraft:oak_planks":123,"minecraft:blackstone":1,"minecraft:wooden_pickaxe":59,"minecraft:leather_chestplate":1,"minecraft:chainmail_helmet":2,"minecraft:white_wool":1,"minecraft:yellow_terracotta":1,"minecraft:loom":1,"minecraft:mushroom_stew":1,"minecraft:blast_furnace":1,"minecraft:crossbow":26,"minecraft:pumpkin_seeds":8,"minecraft:bread":75,"minecraft:cyan_bed":1,"minecraft:polished_granite":1,"minecraft:dark_oak_fence":1,"minecraft:chain":8,"simplyswords:iron_glaive":752,"minecraft:air":1,"minecraft:bone_meal":6,"minecraft:oak_fence":7,"minecraft:armor_stand":1,"minecraft:spruce_planks":252,"minecraft:torch":305,"minecraft:anvil":1,"minecraft:dirt":61,"minecraft:red_nether_brick_slab":2,"minecraft:wheat":2,"minecraft:spruce_stairs":2,"minecraft:granite":5,"minecraft:dark_oak_planks":20,"minecraft:wooden_axe":37,"minecraft:iron_axe":506,"minecraft:brick_stairs":5,"minecraft:iron_boots":2,"minecraft:barrel":4,"minecraft:smooth_basalt":5,"minecraft:light_gray_wool":6,"minecraft:acacia_planks":8,"minecraft:iron_leggings":3,"minecraft:wheat_seeds":3,"minecraft:birch_planks":4,"minecraft:glass_bottle":3,"minecraft:cyan_candle":3,"minecraft:polished_andesite":51,"minecraft:mossy_cobblestone":7,"minecraft:terracotta":17,"minecraft:crafting_table":9,"minecraft:white_bed":5,"minecraft:painting":1,"bosses_of_mass_destruction:soul_star":1,"minecraft:spruce_log":32,"minecraft:cake":3,"minecraft:smoker":1,"minecraft:wooden_hoe":5,"minecraft:iron_pickaxe":588,"minecraft:leather_helmet":1,"minecraft:spruce_trapdoor":5,"minecraft:spruce_sapling":1,"minecraft:golden_leggings":1,"minecraft:stone_axe":240,"minecraft:cobblestone":17,"minecraft:potion":12,"minecraft:cooked_porkchop":3,"minecraft:red_banner":2,"minecraft:pumpkin_pie":16,"minecraft:jukebox":1,"minecraft:chainmail_leggings":1},"minecraft:mined":{"minecraft:dark_oak_planks":22,"minecraft:spruce_planks":201,"minecraft:white_bed":4,"minecraft:brewing_stand":1,"minecraft:spruce_trapdoor":7,"minecraft:granite":5,"minecraft:grass_block":18,"minecraft:coal_block":7,"minecraft:spawner":24,"minecraft:barrel":4,"minecraft:iron_ore":18,"minecraft:fire":31,"minecraft:anvil":1,"minecraft:dark_oak_stairs":15,"minecraft:player_head":2,"minecraft:spruce_slab":2,"minecraft:blackstone":2,"minecraft:smoker":1,"minecraft:torch":64,"minecraft:dark_oak_wood":8,"minecraft:blast_furnace":1,"minecraft:poppy":1,"minecraft:melon":3,"minecraft:chest":8,"minecraft:birch_wood":3,"minecraft:cobblestone":5,"minecraft:sugar_cane":2,"minecraft:oak_planks":55,"minecraft:damaged_anvil":2,"minecraft:bricks":62,"minecraft:wall_torch":56,"minecraft:chain":15,"minecraft:cyan_wool":1,"minecraft:wheat":2,"minecraft:jukebox":2,"minecraft:light_gray_wool":6,"minecraft:grass":5,"minecraft:oak_log":4,"minecraft:loom":2,"minecraft:dirt":28,"minecraft:smooth_basalt":5,"minecraft:tripwire_hook":2,"minecraft:oak_leaves":11,"minecraft:cyan_candle":1,"minecraft:yellow_terracotta":1,"minecraft:tuff":1,"minecraft:mossy_cobblestone":7,"minecraft:potted_wither_rose":1,"minecraft:dark_oak_log":1,"minecraft:ladder":7,"minecraft:dark_oak_fence":3,"minecraft:spruce_fence":1,"minecraft:brick_stairs":6,"minecraft:brown_mushroom_block":16,"minecraft:spruce_leaves":14,"minecraft:large_fern":4,"minecraft:hay_block":61,"minecraft:acacia_wood":2,"minecraft:bookshelf":2,"minecraft:potatoes":2,"minecraft:deepslate_iron_ore":7,"minecraft:rail":1,"minecraft:lantern":4,"minecraft:packed_ice":5,"minecraft:stone":34,"minecraft:podzol":4,"minecraft:spruce_door":1,"minecraft:polished_granite":1,"minecraft:oak_fence":12,"minecraft:crafting_table":5,"minecraft:rose_bush":3,"minecraft:campfire":1,"minecraft:tall_grass":3,"minecraft:deepslate_coal_ore":1,"minecraft:lapis_ore":1,"minecraft:spruce_stairs":2,"minecraft:brick_slab":4,"minecraft:spruce_log":50,"minecraft:birch_leaves":28,"minecraft:red_wall_banner":2,"minecraft:mangrove_slab":1,"minecraft:coal_ore":44,"minecraft:gravel":5,"minecraft:cyan_carpet":1,"minecraft:gray_carpet":2,"minecraft:terracotta":11,"minecraft:stone_bricks":4,"minecraft:polished_andesite":169,"minecraft:mossy_stone_bricks":2,"minecraft:fern":11},"minecraft:picked_up":{"minecraft:wooden_axe":2,"minecraft:music_disc_strad":1,"minecraft:wheat":3,"minecraft:anvil":1,"minecraft:flower_pot":2,"minecraft:lead":4,"minecraft:enchanted_book":1,"minecraft:wither_rose":1,"minecraft:potion":4,"minecraft:brewing_stand":1,"minecraft:string":40,"minecraft:armor_stand":1,"minecraft:experience_bottle":89,"bosses_of_mass_destruction:soul_star":2,"comforts:sleeping_bag_white":1,"minecraft:spruce_planks":242,"minecraft:redstone_torch":1,"minecraft:rose_bush":37,"minecraft:ender_eye":2,"minecraft:calcite":1,"minecraft:iron_pickaxe":1,"minecraft:melon_slice":12,"hangglider:hang_glider":5,"minecraft:coal_block":7,"minecraft:stick":145,"minecraft:beehive":1,"minecraft:jukebox":4,"minecraft:oak_fence":22,"minecraft:torch":437,"minecraft:brick_wall":4,"minecraft:spruce_stairs":6,"minecraft:porkchop":13,"minecraft:zombie_spawn_egg":2,"minecraft:rotten_flesh":93,"minecraft:cow_spawn_egg":1,"minecraft:cobblestone":74,"minecraft:nautilus_shell":1,"minecraft:lilac":8,"minecraft:smoker":1,"minecraft:potato":19,"minecraft:tuff":1,"minecraft:lapis_lazuli":4,"minecraft:mangrove_slab":2,"minecraft:dirt":118,"minecraft:lantern":4,"minecraft:polished_granite":1,"minecraft:name_tag":2,"minecraft:bone":189,"minecraft:bow":3,"minecraft:wheat_seeds":13,"adventurez:raw_venison":12,"minecraft:birch_wood":4,"minecraft:dark_oak_sign":18,"minecraft:mossy_stone_bricks":2,"minecraft:cyan_candle":3,"minecraft:oak_planks":107,"minecraft:cooked_porkchop":7,"patchouli:guide_book":3,"minecraft:loom":2,"minecraft:cyan_bed":2,"minecraft:dark_oak_log":2,"minecraft:barrel":4,"minecraft:mossy_cobblestone":13,"minecraft:skeleton_spawn_egg":6,"minecraft:polished_andesite":162,"minecraft:soul_lantern":1,"minecraft:crossbow":1,"minecraft:granite":6,"minecraft:chainmail_helmet":1,"minecraft:bread":3,"minecraft:emerald":61,"minecraft:oak_sapling":8,"minecraft:dark_oak_fence":5,"minecraft:bricks":63,"minecraft:andesite_slab":1,"minecraft:charcoal":4,"minecraft:crafting_table":9,"minecraft:chicken":1,"minecraft:ladder":6,"minecraft:brown_mushroom":3,"minecraft:wooden_pickaxe":1,"minecraft:crimson_trapdoor":2,"minecraft:chain":9,"minecraft:item_frame":4,"minecraft:cyan_carpet":4,"minecraft:blackstone":1,"minecraft:blue_orchid":16,"graveyard:corruption":3,"minecraft:beef":6,"minecraft:player_head":7,"minecraft:cyan_wool":1,"minecraft:poppy":1,"minecraft:spruce_slab":3,"minecraft:light_gray_wool":6,"minecraft:birch_sapling":4,"minecraft:sugar_cane":3,"minecraft:chest":12,"minecraft:spruce_trapdoor":18,"minecraft:phantom_membrane":9,"minecraft:egg":5,"minecraft:raw_iron":26,"minecraft:stripped_mangrove_wood":4,"minecraft:bowl":2,"minecraft:spruce_fence":3,"minecraft:cake":2,"creeperoverhaul:spruce_creeper_spawn_egg":1,"minecraft:redstone":20,"minecraft:iron_horse_armor":2,"minecraft:dark_oak_planks":27,"minecraft:arrow":239,"minecraft:hay_block":72,"minecraft:yellow_terracotta":1,"minecraft:gold_ingot":50,"minecraft:glistering_melon_slice":6,"minecraft:brick_stairs":7,"minecraft:mutton":8,"minecraft:rail":1,"minecraft:white_wool":15,"minecraft:tripwire_hook":5,"minecraft:leather":7,"minecraft:acacia_wood":2,"minecraft:birch_planks":4,"minecraft:mushroom_stew":2,"minecraft:oak_log":4,"minecraft:gunpowder":22,"minecraft:wooden_hoe":1,"minecraft:podzol":1,"minecraft:gray_carpet":4,"minecraft:apple":28,"minecraft:stone_bricks":4,"minecraft:iron_ingot":164,"minecraft:cobweb":9,"minecraft:glass_bottle":25,"simplyswords:iron_spear":1,"minecraft:dark_oak_stairs":14,"minecraft:book":18,"minecraft:smooth_basalt":5,"minecraft:milk_bucket":2,"minecraft:sweet_berries":106,"minecraft:gravel":7,"minecraft:birch_stairs":1,"minecraft:red_banner":2,"minecraft:spruce_sapling":17,"minecraft:blast_furnace":1,"minecraft:white_bed":4,"minecraft:spruce_log":69,"minecraft:spider_eye":5,"minecraft:spruce_door":1,"minecraft:brick_slab":6,"minecraft:pumpkin_seeds":7,"graveyard:ghoul_spawn_egg":3,"minecraft:painting":1,"minecraft:red_nether_brick_slab":3,"minecraft:terracotta":33,"minecraft:damaged_anvil":4,"minecraft:dark_oak_wood":8,"minecraft:coal":79,"minecraft:ender_pearl":8},"minecraft:crafted":{"minecraft:oak_planks":16,"minecraft:cooked_mutton":8,"minecraft:bow":1,"minecraft:iron_boots":2,"minecraft:emerald":18,"minecraft:crafting_table":3,"minecraft:spruce_planks":60,"minecraft:iron_helmet":1,"minecraft:wooden_pickaxe":1,"minecraft:spruce_door":3,"minecraft:gold_block":16,"minecraft:hay_block":2,"minecraft:birch_planks":16,"simplyswords:iron_glaive":3,"minecraft:iron_chestplate":2,"minecraft:emerald_block":9,"minecraft:stick":40,"minecraft:iron_ingot":32,"minecraft:iron_pickaxe":2,"minecraft:iron_block":32,"minecraft:coal":18,"simplyswords:iron_spear":1,"minecraft:bone_meal":6,"minecraft:iron_axe":4,"minecraft:stone_pickaxe":2,"minecraft:dark_oak_planks":24,"minecraft:wheat":27,"minecraft:coal_block":2,"minecraft:sugar":1,"minecraft:bone_block":7,"minecraft:stone_axe":3,"minecraft:bread":3,"minecraft:air":0,"minecraft:wooden_axe":1,"minecraft:iron_leggings":1,"minecraft:anvil":1,"minecraft:white_bed":3,"minecraft:acacia_planks":8,"minecraft:torch":208,"minecraft:lapis_block":13},"minecraft:killed_by":{"minecraft:pillager":1,"graveyard:skeleton_creeper":2,"minecraft:vindicator":4,"minecraft:witch":1,"minecraft:zombie":1,"minecraft:illusioner":1,"minecraft:husk":1,"minecraft:player":3,"minecraft:spider":2,"minecraft:bee":1,"minecraft:skeleton":33},"minecraft:dropped":{"minecraft:dark_oak_stairs":2,"minecraft:brown_mushroom":2,"minecraft:porkchop":5,"minecraft:stripped_mangrove_wood":4,"minecraft:glass_bottle":41,"minecraft:crossbow":1,"minecraft:red_nether_brick_slab":3,"minecraft:leather":1,"minecraft:rail":1,"minecraft:item_frame":2,"minecraft:dirt":4,"minecraft:crimson_trapdoor":4,"minecraft:dark_oak_fence":2,"minecraft:mutton":2,"minecraft:chain":1,"minecraft:pumpkin_pie":4,"minecraft:sugar":2,"minecraft:glistering_melon_slice":13,"minecraft:iron_pickaxe":1,"minecraft:mangrove_slab":2,"minecraft:white_wool":2,"minecraft:cyan_carpet":2,"minecraft:gold_ingot":9,"minecraft:bone":12,"minecraft:gravel":7,"minecraft:stone_axe":1,"hangglider:hang_glider":1,"minecraft:andesite_slab":2,"minecraft:wheat":1,"minecraft:birch_sapling":3,"minecraft:beetroot":37,"minecraft:rotten_flesh":38,"minecraft:beehive":1,"minecraft:honey_bottle":1,"minecraft:white_bed":1,"minecraft:carrot":13,"minecraft:gunpowder":9,"minecraft:brick_stairs":2,"minecraft:skeleton_skull":1,"minecraft:charcoal":2,"minecraft:ladder":2,"minecraft:chest":2,"minecraft:painting":1,"minecraft:arrow":2,"minecraft:beef":2,"minecraft:podzol":1,"minecraft:bread":71,"minecraft:wheat_seeds":7,"minecraft:mossy_cobblestone":4,"minecraft:cobblestone":4,"minecraft:book":34,"minecraft:apple":25,"minecraft:granite":1,"minecraft:spruce_stairs":2,"minecraft:chainmail_helmet":1,"minecraft:coal":2,"minecraft:mushroom_stew":1,"minecraft:stick":1,"minecraft:cobweb":7,"minecraft:torch":3,"minecraft:rose_bush":56,"minecraft:potion":7,"minecraft:iron_axe":2,"minecraft:string":39,"minecraft:tripwire_hook":2,"minecraft:bucket":1,"minecraft:gray_carpet":3,"minecraft:spruce_sapling":12,"minecraft:redstone":13,"minecraft:brick_wall":2,"minecraft:sweet_berries":62,"minecraft:player_head":1,"minecraft:dark_oak_sign":8,"minecraft:bowl":2,"minecraft:raw_iron":2,"minecraft:red_banner":1,"minecraft:chicken":1,"minecraft:spruce_fence":3,"minecraft:pumpkin_seeds":4,"minecraft:hay_block":8,"minecraft:spruce_trapdoor":3,"minecraft:spruce_planks":6,"minecraft:mossy_stone_bricks":2,"minecraft:iron_chestplate":1,"minecraft:cake":1,"minecraft:oak_sapling":1,"minecraft:redstone_torch":1,"minecraft:stone_bricks":4,"minecraft:spider_eye":2,"simplyswords:iron_spear":2,"minecraft:bow":2,"minecraft:blue_orchid":16,"minecraft:wooden_pickaxe":1,"minecraft:calcite":1},"minecraft:killed":{"minecraft:witch":3,"graveyard:skeleton_creeper":1,"minecraft:spider":10,"minecraft:skeleton":65,"creeperoverhaul:dark_oak_creeper":1,"minecraft:chicken":1,"minecraft:illusioner":1,"minecraft:pig":7,"minecraft:creeper":1,"minecraft:sheep":7,"minecraft:pillager":4,"minecraft:zombie":60,"minecraft:stray":1,"minecraft:cow":3,"minecraft:vindicator":1,"minecraft:phantom":3,"creeperoverhaul:snowy_creeper":9,"friendsandfoes:mauler":1,"minecraft:drowned":1,"minecraft:husk":1,"graveyard:ghoul":5,"adventurez:deer":6,"minecraft:enderman":3}},"DataVersion":3465}