{"stats":{"minecraft:killed_by":{"minecraft:husk":1,"minecraft:player":2,"minecraft:pillager":1,"graveyard:skeleton_creeper":1,"minecraft:vindicator":4,"minecraft:skeleton":4,"minecraft:zombie":1},"minecraft:crafted":{"simplyswords:iron_spear":1,"minecraft:cooked_mutton":8,"minecraft:stone_pickaxe":2,"minecraft:dark_oak_planks":4,"minecraft:wheat":27,"minecraft:sugar":1,"minecraft:bone_block":7,"minecraft:spruce_planks":52,"minecraft:wooden_pickaxe":1,"minecraft:spruce_door":3,"minecraft:hay_block":2,"minecraft:stone_axe":3,"minecraft:air":0,"minecraft:bread":3,"simplyswords:iron_glaive":1,"minecraft:iron_ingot":14,"minecraft:stick":4,"minecraft:wooden_axe":1,"minecraft:white_bed":2,"minecraft:torch":136},"minecraft:killed":{"minecraft:spider":4,"minecraft:vindicator":1,"creeperoverhaul:snowy_creeper":7,"minecraft:skeleton":12,"minecraft:chicken":1,"minecraft:drowned":1,"minecraft:pig":6,"minecraft:creeper":1,"minecraft:sheep":6,"minecraft:pillager":3,"adventurez:deer":5,"minecraft:zombie":41,"minecraft:stray":1,"minecraft:enderman":1,"minecraft:cow":1},"minecraft:mined":{"minecraft:dark_oak_planks":8,"minecraft:spruce_planks":26,"minecraft:white_bed":2,"minecraft:mossy_cobblestone":1,"minecraft:potted_wither_rose":1,"minecraft:dark_oak_log":1,"minecraft:brewing_stand":1,"minecraft:grass_block":1,"minecraft:spruce_leaves":3,"minecraft:spawner":5,"minecraft:large_fern":2,"minecraft:hay_block":15,"minecraft:iron_ore":13,"minecraft:barrel":1,"minecraft:bookshelf":2,"minecraft:rail":1,"minecraft:packed_ice":5,"minecraft:stone":18,"minecraft:player_head":2,"minecraft:blackstone":1,"minecraft:smoker":1,"minecraft:spruce_door":1,"minecraft:oak_fence":12,"minecraft:crafting_table":3,"minecraft:torch":8,"minecraft:dark_oak_wood":3,"minecraft:blast_furnace":1,"minecraft:melon":3,"minecraft:chest":3,"minecraft:lapis_ore":1,"minecraft:cobblestone":5,"minecraft:sugar_cane":2,"minecraft:oak_planks":2,"minecraft:damaged_anvil":2,"minecraft:wall_torch":8,"minecraft:cyan_wool":1,"minecraft:jukebox":2,"minecraft:spruce_log":28,"minecraft:light_gray_wool":6,"minecraft:red_wall_banner":2,"minecraft:grass":1,"minecraft:coal_ore":42,"minecraft:gravel":5,"minecraft:loom":2,"minecraft:dirt":3,"minecraft:smooth_basalt":5,"minecraft:tripwire_hook":2,"minecraft:stone_bricks":4,"minecraft:mossy_stone_bricks":2,"minecraft:cyan_candle":1,"minecraft:fern":4},"minecraft:used":{"minecraft:oak_fence":7,"minecraft:armor_stand":1,"minecraft:chest":3,"minecraft:spruce_planks":56,"minecraft:player_head":2,"minecraft:rotten_flesh":43,"minecraft:torch":101,"minecraft:dirt":4,"minecraft:cyan_wool":1,"minecraft:dark_oak_planks":2,"minecraft:wooden_axe":15,"minecraft:barrel":1,"minecraft:smooth_basalt":5,"minecraft:item_frame":2,"minecraft:light_gray_wool":6,"minecraft:written_book":1,"minecraft:hay_block":4,"minecraft:sweet_berries":48,"minecraft:egg":1,"minecraft:iron_leggings":1,"minecraft:dark_oak_sapling":1,"simplyswords:iron_spear":181,"minecraft:spruce_door":2,"minecraft:cyan_candle":3,"minecraft:stone_pickaxe":143,"minecraft:oak_planks":2,"minecraft:blackstone":1,"minecraft:wooden_pickaxe":59,"minecraft:leather_chestplate":1,"minecraft:chainmail_helmet":1,"minecraft:mossy_cobblestone":1,"minecraft:crafting_table":4,"minecraft:loom":1,"minecraft:crossbow":11,"minecraft:blast_furnace":1,"minecraft:white_bed":3,"minecraft:painting":1,"bosses_of_mass_destruction:soul_star":1,"minecraft:spruce_log":10,"minecraft:smoker":1,"minecraft:wooden_hoe":5,"minecraft:bread":10,"minecraft:leather_helmet":1,"minecraft:spruce_sapling":1,"minecraft:golden_leggings":1,"minecraft:stone_axe":201,"minecraft:cobblestone":7,"minecraft:potion":11,"minecraft:cooked_porkchop":3,"minecraft:red_banner":2,"simplyswords:iron_glaive":2,"minecraft:pumpkin_pie":4,"minecraft:air":1,"minecraft:jukebox":1,"minecraft:chainmail_leggings":1},"minecraft:dropped":{"minecraft:bread":42,"minecraft:porkchop":5,"minecraft:wheat_seeds":4,"minecraft:mossy_cobblestone":3,"minecraft:cobblestone":2,"minecraft:leather":1,"minecraft:apple":9,"minecraft:chainmail_helmet":1,"minecraft:rail":1,"minecraft:coal":2,"minecraft:mushroom_stew":1,"minecraft:dirt":2,"minecraft:torch":2,"minecraft:mutton":2,"minecraft:potion":7,"minecraft:pumpkin_pie":4,"minecraft:sugar":2,"minecraft:glistering_melon_slice":13,"minecraft:iron_pickaxe":1,"minecraft:tripwire_hook":2,"minecraft:white_wool":2,"minecraft:spruce_sapling":3,"minecraft:gold_ingot":9,"minecraft:gravel":7,"minecraft:stone_axe":1,"minecraft:sweet_berries":61,"minecraft:player_head":1,"minecraft:bowl":1,"minecraft:red_banner":1,"minecraft:beetroot":15,"minecraft:chicken":1,"minecraft:rotten_flesh":5,"minecraft:white_bed":1,"minecraft:carrot":13,"minecraft:hay_block":8,"minecraft:spruce_planks":6,"minecraft:mossy_stone_bricks":2,"minecraft:stone_bricks":4,"simplyswords:iron_spear":2,"minecraft:bow":1,"minecraft:arrow":2,"minecraft:beef":2,"minecraft:wooden_pickaxe":1},"minecraft:broken":{"minecraft:stone_pickaxe":1,"minecraft:wooden_pickaxe":1,"minecraft:stone_axe":1},"minecraft:picked_up":{"minecraft:wooden_axe":2,"minecraft:charcoal":2,"minecraft:crafting_table":4,"minecraft:chicken":1,"minecraft:flower_pot":2,"minecraft:wooden_pickaxe":1,"minecraft:wither_rose":1,"minecraft:potion":3,"minecraft:brewing_stand":1,"minecraft:string":3,"minecraft:armor_stand":1,"minecraft:item_frame":4,"minecraft:blackstone":1,"bosses_of_mass_destruction:soul_star":1,"minecraft:spruce_planks":38,"minecraft:beef":2,"hangglider:hang_glider":2,"minecraft:cyan_wool":1,"minecraft:player_head":7,"minecraft:iron_pickaxe":1,"minecraft:light_gray_wool":6,"minecraft:melon_slice":12,"minecraft:sugar_cane":3,"minecraft:chest":3,"minecraft:egg":1,"minecraft:raw_iron":14,"minecraft:stick":109,"minecraft:jukebox":2,"minecraft:oak_fence":22,"minecraft:torch":131,"minecraft:bowl":2,"minecraft:porkchop":10,"minecraft:dark_oak_planks":9,"minecraft:zombie_spawn_egg":2,"minecraft:arrow":68,"minecraft:rotten_flesh":53,"minecraft:hay_block":27,"minecraft:mutton":8,"minecraft:white_wool":14,"minecraft:rail":1,"minecraft:cobblestone":46,"minecraft:nautilus_shell":1,"minecraft:tripwire_hook":5,"minecraft:leather":5,"minecraft:smoker":1,"minecraft:potato":1,"minecraft:mushroom_stew":2,"minecraft:lapis_lazuli":4,"minecraft:wooden_hoe":1,"minecraft:dirt":10,"minecraft:bone":16,"minecraft:apple":9,"minecraft:stone_bricks":4,"minecraft:bow":1,"minecraft:wheat_seeds":7,"adventurez:raw_venison":10,"minecraft:mossy_stone_bricks":2,"minecraft:cyan_candle":3,"minecraft:oak_planks":2,"simplyswords:iron_spear":1,"minecraft:book":6,"minecraft:smooth_basalt":5,"minecraft:cooked_porkchop":3,"minecraft:sweet_berries":88,"patchouli:guide_book":3,"minecraft:gravel":7,"minecraft:red_banner":2,"minecraft:spruce_sapling":9,"minecraft:blast_furnace":1,"minecraft:white_bed":2,"minecraft:spruce_log":32,"minecraft:loom":2,"minecraft:dark_oak_log":1,"minecraft:spruce_door":1,"minecraft:spider_eye":4,"minecraft:barrel":1,"minecraft:mossy_cobblestone":1,"minecraft:soul_lantern":1,"minecraft:crossbow":1,"minecraft:painting":1,"minecraft:chainmail_helmet":1,"minecraft:emerald":1,"minecraft:damaged_anvil":4,"minecraft:dark_oak_wood":3,"minecraft:coal":50},"minecraft:custom":{"minecraft:interact_with_smithing_table":1,"minecraft:mob_kills":92,"minecraft:interact_with_crafting_table":25,"minecraft:open_barrel":59,"minecraft:leave_game":1,"minecraft:time_since_death":50813,"minecraft:climb_one_cm":10934,"minecraft:sprint_one_cm":390154,"minecraft:walk_one_cm":1005770,"minecraft:drop":81,"minecraft:play_time":199966,"minecraft:deaths":14,"minecraft:sneak_time":1274,"minecraft:walk_under_water_one_cm":56224,"minecraft:interact_with_lectern":1,"minecraft:interact_with_brewingstand":1,"minecraft:jump":2941,"minecraft:interact_with_blast_furnace":22,"minecraft:walk_on_water_one_cm":54060,"minecraft:total_world_time":199966,"minecraft:interact_with_furnace":17,"minecraft:tune_noteblock":7,"minecraft:interact_with_cartography_table":1,"minecraft:interact_with_loom":3,"minecraft:sleep_in_bed":3,"minecraft:time_since_rest":6645,"minecraft:damage_taken":5562,"minecraft:damage_dealt":16224,"minecraft:swim_one_cm":145976,"minecraft:fly_one_cm":625327,"minecraft:open_chest":150,"minecraft:crouch_one_cm":619,"minecraft:interact_with_smoker":7,"minecraft:fall_one_cm":60808}},"DataVersion":3465}