{"stats":{"minecraft:killed_by":{"minecraft:vindicator":4,"minecraft:pillager":1,"graveyard:skeleton_creeper":1},"minecraft:crafted":{"simplyswords:iron_spear":1},"minecraft:killed":{"minecraft:vindicator":1,"minecraft:pillager":3,"minecraft:stray":1},"minecraft:mined":{"minecraft:hay_block":3,"minecraft:chest":1,"minecraft:packed_ice":5},"minecraft:used":{"simplyswords:iron_spear":3},"minecraft:picked_up":{"minecraft:stick":10,"minecraft:arrow":10,"minecraft:bone":2,"patchouli:guide_book":3,"minecraft:hay_block":3,"minecraft:crossbow":1,"minecraft:emerald":1,"minecraft:chest":1},"minecraft:custom":{"minecraft:open_chest":3,"minecraft:time_since_rest":3236,"minecraft:walk_one_cm":38680,"minecraft:crouch_one_cm":140,"minecraft:play_time":14292,"minecraft:sprint_one_cm":55300,"minecraft:damage_taken":1618,"minecraft:deaths":6,"minecraft:sneak_time":36,"minecraft:mob_kills":5,"minecraft:jump":512,"minecraft:damage_dealt":1336,"minecraft:time_since_death":3101,"minecraft:total_world_time":14292,"minecraft:interact_with_crafting_table":3,"minecraft:fly_one_cm":169337,"minecraft:fall_one_cm":19702}},"DataVersion":3465}