{"stats":{"minecraft:used":{"minecraft:wooden_sword":4,"minecraft:crafting_table":1},"minecraft:custom":{"minecraft:time_since_rest":2200,"minecraft:play_time":2200,"minecraft:sprint_one_cm":6023,"minecraft:damage_taken":160,"minecraft:walk_one_cm":6057,"minecraft:sneak_time":1,"minecraft:jump":76,"minecraft:damage_dealt":380,"minecraft:leave_game":1,"minecraft:time_since_death":2200,"minecraft:total_world_time":2200,"minecraft:interact_with_crafting_table":1,"minecraft:fall_one_cm":1783,"minecraft:fly_one_cm":10650,"minecraft:player_kills":2},"minecraft:killed":{"minecraft:player":2},"minecraft:picked_up":{"minecraft:acacia_log":3},"minecraft:mined":{"minecraft:grass":1,"minecraft:acacia_log":3},"minecraft:crafted":{"minecraft:wooden_sword":1,"minecraft:acacia_planks":12,"minecraft:crafting_table":1,"minecraft:stick":4}},"DataVersion":3465}