{"stats":{"minecraft:killed_by":{"minecraft:vindicator":4,"minecraft:player":1,"minecraft:pillager":1,"graveyard:skeleton_creeper":1},"minecraft:crafted":{"minecraft:spruce_planks":52,"simplyswords:iron_spear":1,"minecraft:wooden_pickaxe":1,"minecraft:spruce_door":3,"minecraft:hay_block":2,"minecraft:stone_axe":2,"minecraft:bread":3,"minecraft:stick":4,"minecraft:stone_pickaxe":1,"minecraft:white_bed":2,"minecraft:dark_oak_planks":4,"minecraft:wheat":27},"minecraft:killed":{"minecraft:pig":6,"minecraft:vindicator":1,"minecraft:spider":2,"creeperoverhaul:snowy_creeper":4,"minecraft:sheep":6,"minecraft:skeleton":2,"minecraft:pillager":3,"adventurez:deer":1,"minecraft:zombie":8,"minecraft:chicken":1,"minecraft:stray":1,"minecraft:cow":1},"minecraft:mined":{"minecraft:dark_oak_planks":8,"minecraft:spruce_planks":18,"minecraft:white_bed":2,"minecraft:mossy_cobblestone":1,"minecraft:dark_oak_log":1,"minecraft:spruce_door":1,"minecraft:oak_fence":12,"minecraft:crafting_table":3,"minecraft:grass_block":1,"minecraft:chest":3,"minecraft:cobblestone":5,"minecraft:spruce_leaves":3,"minecraft:oak_planks":2,"minecraft:large_fern":2,"minecraft:hay_block":15,"minecraft:spruce_log":28,"minecraft:light_gray_wool":6,"minecraft:red_wall_banner":2,"minecraft:grass":1,"minecraft:rail":1,"minecraft:gravel":3,"minecraft:dirt":3,"minecraft:packed_ice":5,"minecraft:tripwire_hook":2,"minecraft:stone":10,"minecraft:player_head":2,"minecraft:fern":3},"minecraft:used":{"simplyswords:iron_spear":76,"minecraft:oak_fence":7,"minecraft:spruce_door":2,"minecraft:stone_pickaxe":12,"minecraft:oak_planks":2,"minecraft:chest":3,"minecraft:spruce_planks":56,"minecraft:wooden_pickaxe":20,"minecraft:player_head":1,"minecraft:rotten_flesh":1,"minecraft:mossy_cobblestone":1,"minecraft:dirt":4,"minecraft:crafting_table":3,"minecraft:white_bed":3,"minecraft:spruce_log":10,"minecraft:dark_oak_planks":2,"minecraft:bread":4,"minecraft:spruce_sapling":1,"minecraft:stone_axe":102,"minecraft:light_gray_wool":6,"minecraft:cobblestone":5,"minecraft:hay_block":4,"minecraft:sweet_berries":23,"minecraft:red_banner":1},"minecraft:dropped":{"minecraft:gravel":3,"minecraft:bread":42,"minecraft:stone_axe":1,"minecraft:sweet_berries":61,"minecraft:wheat_seeds":1,"minecraft:porkchop":5,"minecraft:beetroot":15,"minecraft:red_banner":1,"minecraft:chicken":1,"minecraft:apple":9,"minecraft:leather":1,"minecraft:white_bed":1,"minecraft:carrot":13,"minecraft:coal":2,"minecraft:mushroom_stew":1,"minecraft:hay_block":8,"minecraft:mutton":2,"minecraft:potion":6,"minecraft:pumpkin_pie":4,"simplyswords:iron_spear":1,"minecraft:beef":2,"minecraft:arrow":2,"minecraft:bow":1,"minecraft:wooden_pickaxe":1,"minecraft:glistering_melon_slice":13,"minecraft:white_wool":2,"minecraft:gold_ingot":9,"minecraft:spruce_sapling":1},"minecraft:picked_up":{"minecraft:crafting_table":3,"minecraft:chicken":1,"minecraft:tripwire_hook":2,"minecraft:leather":1,"minecraft:dirt":4,"minecraft:string":1,"minecraft:bone":3,"minecraft:bow":1,"minecraft:wheat_seeds":1,"adventurez:raw_venison":2,"minecraft:spruce_planks":18,"minecraft:beef":2,"minecraft:player_head":2,"minecraft:light_gray_wool":6,"minecraft:chest":3,"minecraft:oak_planks":2,"simplyswords:iron_spear":1,"minecraft:egg":1,"minecraft:stick":18,"minecraft:sweet_berries":88,"patchouli:guide_book":3,"minecraft:oak_fence":12,"minecraft:gravel":3,"minecraft:porkchop":10,"minecraft:red_banner":2,"minecraft:spruce_sapling":7,"minecraft:white_bed":2,"minecraft:spruce_log":32,"minecraft:spruce_door":1,"minecraft:mossy_cobblestone":1,"minecraft:dark_oak_log":1,"minecraft:spider_eye":2,"minecraft:dark_oak_planks":7,"minecraft:arrow":14,"minecraft:rotten_flesh":9,"minecraft:hay_block":15,"minecraft:crossbow":1,"minecraft:emerald":1,"minecraft:mutton":8,"minecraft:white_wool":9,"minecraft:rail":1,"minecraft:cobblestone":14},"minecraft:custom":{"minecraft:interact_with_furnace":3,"minecraft:mob_kills":36,"minecraft:interact_with_crafting_table":16,"minecraft:open_barrel":8,"minecraft:time_since_death":40604,"minecraft:climb_one_cm":1634,"minecraft:time_since_rest":40739,"minecraft:sprint_one_cm":175166,"minecraft:damage_taken":2173,"minecraft:walk_one_cm":313444,"minecraft:drop":50,"minecraft:damage_dealt":6104,"minecraft:fly_one_cm":331639,"minecraft:open_chest":14,"minecraft:crouch_one_cm":368,"minecraft:play_time":62292,"minecraft:deaths":7,"minecraft:sneak_time":671,"minecraft:jump":1336,"minecraft:interact_with_blast_furnace":1,"minecraft:total_world_time":62292,"minecraft:fall_one_cm":36027}},"DataVersion":3465}