{"stats":{"minecraft:killed_by":{"minecraft:vindicator":1,"minecraft:skeleton":1},"minecraft:crafted":{"minecraft:wooden_sword":1,"minecraft:stone_shovel":3,"comforts:sleeping_bag_white":1,"minecraft:furnace":2,"minecraft:bow":1,"minecraft:stone_pickaxe":1,"minecraft:chest":2,"minecraft:dark_oak_planks":56,"minecraft:wheat":36,"minecraft:cooked_porkchop":22,"minecraft:crafting_table":1,"minecraft:spruce_planks":52,"minecraft:wooden_pickaxe":1,"minecraft:stone_axe":1,"minecraft:bread":20,"minecraft:air":0,"minecraft:light_gray_bed":1,"minecraft:wooden_hoe":1,"minecraft:charcoal":24,"minecraft:stick":84,"minecraft:wooden_axe":2,"minecraft:stone_sword":1,"minecraft:torch":76,"adventurez:cooked_venison":2},"minecraft:killed":{"minecraft:spider":1,"minecraft:skeleton":3,"minecraft:pig":5,"minecraft:rabbit":1,"minecraft:zombie":5,"minecraft:player":1},"minecraft:mined":{"minecraft:dark_oak_planks":2,"minecraft:spruce_planks":11,"minecraft:mossy_cobblestone":3,"minecraft:dark_oak_log":30,"minecraft:ladder":1,"minecraft:grass_block":1,"minecraft:decorated_pot":1,"minecraft:light_gray_bed":1,"minecraft:spruce_leaves":1,"minecraft:large_fern":3,"minecraft:hay_block":10,"minecraft:furnace":1,"minecraft:snow":79,"minecraft:pumpkin":1,"minecraft:cave_vines":2,"minecraft:water_cauldron":1,"minecraft:stone":51,"minecraft:powder_snow":15,"minecraft:clay":5,"minecraft:crafting_table":6,"minecraft:cobblestone":6,"minecraft:deepslate_coal_ore":13,"minecraft:oak_planks":1,"minecraft:cauldron":1,"minecraft:blue_ice":1,"minecraft:spruce_log":72,"minecraft:light_gray_wool":3,"minecraft:red_wall_banner":1,"minecraft:grass":3,"minecraft:gravel":66,"minecraft:dirt":4,"minecraft:cobweb":6,"minecraft:mossy_stone_bricks":4,"minecraft:fern":5},"minecraft:used":{"minecraft:stone_sword":56,"minecraft:stone_shovel":296,"minecraft:ladder":2,"minecraft:spruce_planks":10,"minecraft:chest":2,"minecraft:stone_hoe":12,"minecraft:torch":1,"minecraft:dirt":3,"minecraft:snowball":61,"minecraft:dark_oak_planks":8,"minecraft:wooden_axe":78,"minecraft:bow":2,"minecraft:furnace":3,"minecraft:light_gray_bed":2,"minecraft:mossy_stone_bricks":1,"minecraft:rabbit":1,"minecraft:stone_pickaxe":110,"minecraft:wooden_pickaxe":59,"minecraft:cauldron":2,"minecraft:crafting_table":6,"minecraft:spruce_log":28,"minecraft:wooden_hoe":9,"minecraft:dark_oak_log":4,"minecraft:bread":13,"minecraft:gravel":7,"minecraft:stone_axe":169,"minecraft:wooden_sword":65,"minecraft:cobblestone":5,"minecraft:cooked_porkchop":11,"minecraft:red_banner":1},"minecraft:dropped":{"minecraft:wheat_seeds":1,"minecraft:mossy_cobblestone":3,"minecraft:crossbow":1,"minecraft:stick":36,"minecraft:wooden_hoe":1,"minecraft:wooden_axe":2,"minecraft:snowball":17,"minecraft:spruce_sapling":3,"minecraft:bowl":3,"patchouli:guide_book":3,"minecraft:mossy_stone_bricks":6,"minecraft:arrow":2,"minecraft:wooden_pickaxe":1},"minecraft:broken":{"minecraft:wooden_pickaxe":1,"minecraft:wooden_sword":1,"minecraft:stone_axe":1,"minecraft:stone_shovel":2},"minecraft:picked_up":{"minecraft:crafting_table":6,"minecraft:chicken":1,"minecraft:ladder":2,"minecraft:clay_ball":20,"minecraft:chest_minecart":1,"minecraft:wooden_pickaxe":1,"minecraft:potion":4,"minecraft:brick":3,"minecraft:moss_carpet":1,"minecraft:string":8,"minecraft:beetroot":15,"minecraft:tnt_minecart":1,"minecraft:spruce_planks":11,"minecraft:beef":2,"minecraft:light_gray_wool":3,"minecraft:furnace":1,"minecraft:dark_oak_sapling":3,"minecraft:stick":10,"minecraft:torch":1,"minecraft:bowl":2,"minecraft:porkchop":17,"minecraft:carrot":13,"minecraft:cauldron":2,"minecraft:dark_oak_planks":3,"minecraft:howl_pottery_sherd":1,"minecraft:light_gray_bed":1,"minecraft:arrow":11,"minecraft:rotten_flesh":1,"minecraft:pumpkin_pie":4,"minecraft:hay_block":18,"minecraft:gold_ingot":9,"minecraft:glistering_melon_slice":13,"minecraft:mutton":2,"minecraft:cobblestone":59,"minecraft:snowball":78,"minecraft:white_wool":2,"minecraft:glow_ink_sac":2,"minecraft:leather":1,"minecraft:flint":8,"minecraft:dirt":5,"minecraft:bone":4,"minecraft:bow":1,"minecraft:wheat_seeds":3,"minecraft:rabbit_hide":2,"minecraft:mossy_stone_bricks":7,"minecraft:rabbit":1,"minecraft:oak_planks":1,"minecraft:pumpkin":1,"minecraft:sweet_berries":61,"patchouli:guide_book":4,"minecraft:gravel":61,"minecraft:spruce_sapling":12,"minecraft:red_banner":2,"minecraft:spruce_log":67,"minecraft:white_bed":1,"minecraft:dark_oak_log":28,"minecraft:mossy_cobblestone":6,"minecraft:sugar":1,"minecraft:stone_axe":1,"minecraft:emerald":1,"minecraft:bread":42,"minecraft:coal":15},"minecraft:custom":{"minecraft:mob_kills":16,"minecraft:interact_with_crafting_table":41,"minecraft:open_barrel":1,"minecraft:time_since_death":31430,"minecraft:climb_one_cm":5093,"minecraft:sprint_one_cm":451537,"minecraft:walk_one_cm":240806,"minecraft:drop":22,"minecraft:play_time":107245,"minecraft:deaths":2,"minecraft:sneak_time":943,"minecraft:jump":1967,"minecraft:interact_with_blast_furnace":1,"minecraft:walk_on_water_one_cm":406,"minecraft:total_world_time":107245,"minecraft:interact_with_furnace":28,"minecraft:sleep_in_bed":5,"minecraft:time_since_rest":9477,"minecraft:damage_taken":1630,"minecraft:damage_dealt":2175,"minecraft:fly_one_cm":400493,"minecraft:player_kills":1,"minecraft:open_chest":56,"minecraft:crouch_one_cm":4650,"minecraft:fall_one_cm":35590}},"DataVersion":3465}