{"stats":{"minecraft:killed_by":{"minecraft:vindicator":1},"minecraft:crafted":{"minecraft:light_gray_bed":1,"minecraft:wooden_sword":1,"minecraft:wooden_hoe":1,"minecraft:crafting_table":1,"minecraft:spruce_planks":4,"minecraft:stick":24,"minecraft:wooden_pickaxe":1,"minecraft:wooden_axe":1,"minecraft:dark_oak_planks":32,"minecraft:torch":28,"minecraft:bread":12,"minecraft:wheat":36},"minecraft:killed":{"minecraft:zombie":5,"minecraft:rabbit":1,"minecraft:player":1,"minecraft:skeleton":1},"minecraft:mined":{"minecraft:dark_oak_planks":2,"minecraft:hay_block":4,"minecraft:blue_ice":1,"minecraft:spruce_log":1,"minecraft:dark_oak_log":8,"minecraft:light_gray_wool":3,"minecraft:pumpkin":1,"minecraft:crafting_table":4,"minecraft:grass":1,"minecraft:light_gray_bed":1},"minecraft:used":{"minecraft:dark_oak_planks":2,"minecraft:wooden_hoe":9,"minecraft:wooden_axe":30,"minecraft:rabbit":1,"minecraft:bread":9,"minecraft:torch":1,"minecraft:wooden_sword":35,"minecraft:crafting_table":5,"minecraft:light_gray_bed":1},"minecraft:dropped":{"minecraft:crossbow":1,"minecraft:arrow":2,"patchouli:guide_book":1,"minecraft:stick":10},"minecraft:picked_up":{"minecraft:dark_oak_sapling":1,"minecraft:crafting_table":4,"minecraft:pumpkin":1,"patchouli:guide_book":3,"minecraft:spruce_log":1,"minecraft:dark_oak_log":8,"minecraft:dark_oak_planks":2,"minecraft:rotten_flesh":1,"minecraft:arrow":7,"minecraft:bone":1,"minecraft:light_gray_bed":1,"minecraft:rabbit_hide":2,"minecraft:hay_block":4,"minecraft:emerald":1,"minecraft:light_gray_wool":3,"minecraft:rabbit":1},"minecraft:custom":{"minecraft:time_since_rest":1683,"minecraft:sprint_one_cm":174114,"minecraft:damage_taken":640,"minecraft:walk_one_cm":86586,"minecraft:mob_kills":8,"minecraft:drop":4,"minecraft:damage_dealt":889,"minecraft:fly_one_cm":161695,"minecraft:interact_with_crafting_table":11,"minecraft:player_kills":1,"minecraft:open_chest":9,"minecraft:crouch_one_cm":3788,"minecraft:play_time":41245,"minecraft:deaths":1,"minecraft:sneak_time":787,"minecraft:jump":730,"minecraft:time_since_death":29948,"minecraft:sleep_in_bed":1,"minecraft:total_world_time":41245,"minecraft:fall_one_cm":13065}},"DataVersion":3465}