{"stats":{"minecraft:killed_by":{"minecraft:vindicator":1,"minecraft:skeleton":1},"minecraft:crafted":{"hangglider:glider_framework":1,"minecraft:wooden_sword":1,"minecraft:stone_shovel":3,"comforts:sleeping_bag_white":1,"hangglider:hang_glider":1,"minecraft:furnace":3,"minecraft:bone_meal":33,"hangglider:glider_wing":2,"minecraft:bow":1,"minecraft:stone_pickaxe":1,"minecraft:chest":2,"minecraft:dark_oak_planks":56,"minecraft:wheat":36,"minecraft:cooked_beef":2,"minecraft:cooked_porkchop":22,"minecraft:crafting_table":2,"minecraft:spruce_planks":52,"minecraft:wooden_pickaxe":1,"minecraft:stone_axe":2,"minecraft:bread":20,"minecraft:air":0,"minecraft:light_gray_bed":1,"minecraft:wooden_hoe":1,"minecraft:charcoal":24,"minecraft:stick":92,"minecraft:iron_pickaxe":1,"minecraft:iron_ingot":10,"minecraft:wooden_axe":2,"minecraft:stone_sword":1,"minecraft:torch":76,"adventurez:cooked_venison":2},"minecraft:killed":{"minecraft:spider":1,"minecraft:skeleton":3,"minecraft:llama":6,"minecraft:pig":5,"minecraft:rabbit":3,"minecraft:zombie":5,"minecraft:player":1,"minecraft:cow":3},"minecraft:mined":{"minecraft:dark_oak_planks":3,"minecraft:spruce_planks":11,"minecraft:mossy_cobblestone":3,"minecraft:dark_oak_log":30,"minecraft:ladder":1,"minecraft:grass_block":13,"minecraft:decorated_pot":1,"minecraft:light_gray_bed":1,"minecraft:spruce_leaves":1,"minecraft:moss_block":1,"minecraft:large_fern":3,"minecraft:hay_block":10,"minecraft:furnace":2,"minecraft:iron_ore":11,"minecraft:snow":82,"minecraft:pumpkin":1,"minecraft:cave_vines":3,"minecraft:water_cauldron":1,"minecraft:rail":3,"minecraft:stone":51,"minecraft:flowering_azalea":1,"minecraft:snow_block":4,"minecraft:powder_snow":15,"minecraft:clay":5,"minecraft:crafting_table":7,"minecraft:cobblestone":7,"minecraft:deepslate_coal_ore":15,"minecraft:oak_planks":1,"minecraft:cauldron":1,"minecraft:blue_ice":1,"minecraft:spruce_log":72,"minecraft:light_gray_wool":3,"minecraft:red_wall_banner":1,"minecraft:grass":3,"minecraft:oak_log":6,"minecraft:gravel":66,"minecraft:dirt":22,"minecraft:cobweb":9,"minecraft:mossy_stone_bricks":4,"minecraft:fern":5},"minecraft:used":{"minecraft:stone_sword":110,"minecraft:armor_stand":1,"minecraft:stone_shovel":370,"minecraft:ladder":2,"minecraft:spruce_planks":10,"minecraft:chest":2,"minecraft:stone_hoe":12,"minecraft:torch":1,"minecraft:dirt":11,"minecraft:snowball":61,"minecraft:dark_oak_planks":9,"minecraft:wooden_axe":78,"minecraft:bow":2,"minecraft:furnace":4,"comforts:sleeping_bag_white":3,"minecraft:light_gray_bed":2,"minecraft:mossy_stone_bricks":1,"minecraft:rabbit":1,"minecraft:stone_pickaxe":135,"minecraft:wooden_pickaxe":59,"minecraft:cauldron":2,"minecraft:crafting_table":7,"minecraft:spruce_log":28,"minecraft:wooden_hoe":9,"minecraft:dark_oak_log":4,"minecraft:bread":14,"minecraft:iron_pickaxe":14,"minecraft:gravel":7,"minecraft:stone_axe":185,"minecraft:wooden_sword":65,"minecraft:cobblestone":11,"minecraft:cooked_porkchop":17,"minecraft:red_banner":1},"minecraft:dropped":{"minecraft:moss_block":1,"minecraft:wheat_seeds":1,"minecraft:oak_log":2,"minecraft:mossy_cobblestone":3,"minecraft:crossbow":1,"minecraft:stick":36,"minecraft:dirt":4,"minecraft:wooden_hoe":1,"minecraft:wooden_axe":2,"minecraft:snowball":38,"minecraft:spruce_sapling":3,"minecraft:moss_carpet":2,"minecraft:bowl":3,"minecraft:oak_planks":1,"minecraft:pumpkin_seeds":5,"patchouli:guide_book":3,"minecraft:howl_pottery_sherd":1,"minecraft:mossy_stone_bricks":6,"comforts:sleeping_bag_white":1,"minecraft:arrow":2,"minecraft:wooden_pickaxe":1},"minecraft:broken":{"minecraft:wooden_pickaxe":1,"minecraft:stone_pickaxe":1,"minecraft:wooden_sword":1,"minecraft:stone_axe":1,"minecraft:stone_shovel":2},"minecraft:picked_up":{"minecraft:crafting_table":6,"minecraft:chicken":1,"minecraft:ladder":2,"minecraft:clay_ball":20,"minecraft:chest_minecart":1,"minecraft:wooden_pickaxe":1,"minecraft:potion":4,"minecraft:brick":3,"minecraft:moss_carpet":2,"minecraft:string":11,"minecraft:armor_stand":1,"minecraft:beetroot":15,"minecraft:tnt_minecart":1,"comforts:sleeping_bag_white":4,"minecraft:spruce_planks":11,"minecraft:beef":2,"minecraft:light_gray_wool":3,"minecraft:furnace":2,"minecraft:dark_oak_sapling":3,"minecraft:raw_iron":10,"minecraft:stick":13,"minecraft:torch":1,"minecraft:bowl":2,"minecraft:porkchop":17,"minecraft:carrot":13,"minecraft:cauldron":2,"minecraft:dark_oak_planks":4,"minecraft:howl_pottery_sherd":1,"minecraft:light_gray_bed":1,"minecraft:arrow":11,"minecraft:rotten_flesh":1,"minecraft:pumpkin_pie":4,"minecraft:cow_spawn_egg":1,"minecraft:hay_block":18,"minecraft:gold_ingot":9,"minecraft:glistering_melon_slice":13,"minecraft:mutton":2,"minecraft:rail":3,"minecraft:cobblestone":60,"minecraft:snowball":99,"minecraft:white_wool":2,"minecraft:glow_ink_sac":2,"minecraft:leather":9,"minecraft:flint":8,"minecraft:oak_log":8,"minecraft:dirt":17,"minecraft:bone":4,"minecraft:bow":1,"minecraft:wheat_seeds":3,"minecraft:rabbit_hide":3,"minecraft:mossy_stone_bricks":7,"minecraft:rabbit":2,"minecraft:moss_block":1,"minecraft:oak_planks":1,"minecraft:pumpkin":1,"minecraft:sweet_berries":61,"patchouli:guide_book":4,"minecraft:gravel":61,"minecraft:spruce_sapling":12,"minecraft:red_banner":2,"minecraft:spruce_log":67,"minecraft:white_bed":1,"minecraft:dark_oak_log":28,"minecraft:mossy_cobblestone":6,"minecraft:pumpkin_seeds":5,"minecraft:sugar":1,"minecraft:stone_axe":1,"minecraft:emerald":1,"minecraft:bread":42,"minecraft:coal":15},"minecraft:custom":{"minecraft:mob_kills":27,"minecraft:interact_with_crafting_table":48,"minecraft:open_barrel":13,"minecraft:time_since_death":67430,"minecraft:climb_one_cm":16737,"minecraft:sprint_one_cm":606392,"minecraft:walk_one_cm":293900,"minecraft:drop":40,"minecraft:play_time":143245,"minecraft:deaths":2,"minecraft:sneak_time":1142,"minecraft:jump":2538,"minecraft:interact_with_blast_furnace":2,"minecraft:walk_on_water_one_cm":654,"minecraft:total_world_time":143245,"minecraft:interact_with_furnace":38,"minecraft:sleep_in_bed":8,"minecraft:time_since_rest":6414,"minecraft:damage_taken":1980,"minecraft:damage_dealt":3794,"minecraft:fly_one_cm":544109,"minecraft:player_kills":1,"minecraft:open_chest":81,"minecraft:crouch_one_cm":5290,"minecraft:fall_one_cm":47271}},"DataVersion":3465}