{"stats":{"minecraft:killed_by":{"minecraft:vindicator":1},"minecraft:crafted":{"minecraft:wooden_sword":1,"minecraft:cooked_porkchop":5,"minecraft:crafting_table":1,"minecraft:spruce_planks":12,"minecraft:wooden_pickaxe":1,"minecraft:furnace":2,"minecraft:bread":13,"minecraft:air":0,"minecraft:light_gray_bed":1,"minecraft:wooden_hoe":1,"minecraft:charcoal":15,"minecraft:stick":32,"minecraft:wooden_axe":2,"minecraft:dark_oak_planks":32,"minecraft:torch":28,"minecraft:wheat":36},"minecraft:killed":{"minecraft:rabbit":1,"minecraft:skeleton":1,"minecraft:zombie":5,"minecraft:player":1},"minecraft:mined":{"minecraft:dark_oak_planks":2,"minecraft:spruce_planks":3,"minecraft:mossy_cobblestone":3,"minecraft:dark_oak_log":8,"minecraft:crafting_table":6,"minecraft:light_gray_bed":1,"minecraft:cobblestone":1,"minecraft:hay_block":4,"minecraft:blue_ice":1,"minecraft:spruce_log":54,"minecraft:light_gray_wool":3,"minecraft:pumpkin":1,"minecraft:grass":1,"minecraft:stone":17},"minecraft:used":{"minecraft:rabbit":1,"minecraft:spruce_planks":2,"minecraft:wooden_pickaxe":42,"minecraft:torch":1,"minecraft:crafting_table":6,"minecraft:spruce_log":20,"minecraft:wooden_axe":42,"minecraft:dark_oak_planks":8,"minecraft:wooden_hoe":9,"minecraft:bread":11,"minecraft:stone_axe":103,"minecraft:wooden_sword":35,"minecraft:furnace":2,"minecraft:light_gray_bed":2},"minecraft:dropped":{"minecraft:crossbow":1,"patchouli:guide_book":2,"minecraft:stick":10,"minecraft:arrow":2},"minecraft:broken":{"minecraft:stone_axe":1},"minecraft:picked_up":{"minecraft:crafting_table":6,"minecraft:wooden_pickaxe":1,"minecraft:bone":1,"minecraft:bow":1,"minecraft:rabbit_hide":2,"minecraft:spruce_planks":3,"minecraft:rabbit":1,"minecraft:light_gray_wool":3,"minecraft:dark_oak_sapling":1,"minecraft:stick":6,"minecraft:pumpkin":1,"minecraft:sweet_berries":10,"patchouli:guide_book":4,"minecraft:porkchop":5,"minecraft:spruce_sapling":7,"minecraft:white_bed":1,"minecraft:spruce_log":49,"minecraft:dark_oak_log":8,"minecraft:mossy_cobblestone":3,"minecraft:dark_oak_planks":3,"minecraft:arrow":9,"minecraft:light_gray_bed":1,"minecraft:rotten_flesh":1,"minecraft:stone_axe":1,"minecraft:hay_block":4,"minecraft:emerald":1,"minecraft:cobblestone":19},"minecraft:custom":{"minecraft:interact_with_furnace":13,"minecraft:mob_kills":8,"minecraft:interact_with_crafting_table":20,"minecraft:time_since_death":41948,"minecraft:sleep_in_bed":2,"minecraft:time_since_rest":45,"minecraft:sprint_one_cm":190829,"minecraft:damage_taken":650,"minecraft:walk_one_cm":105811,"minecraft:drop":5,"minecraft:damage_dealt":889,"minecraft:fly_one_cm":181444,"minecraft:player_kills":1,"minecraft:open_chest":11,"minecraft:crouch_one_cm":3788,"minecraft:play_time":53245,"minecraft:deaths":1,"minecraft:sneak_time":787,"minecraft:jump":849,"minecraft:total_world_time":53245,"minecraft:fall_one_cm":14923}},"DataVersion":3465}