{"stats":{"minecraft:custom":{"minecraft:jump":130,"minecraft:time_since_rest":5815,"minecraft:crouch_one_cm":66,"minecraft:damage_taken":30,"minecraft:sprint_one_cm":27610,"minecraft:play_time":5815,"minecraft:walk_on_water_one_cm":6604,"minecraft:time_since_death":5815,"minecraft:walk_one_cm":7116,"minecraft:sneak_time":18,"minecraft:total_world_time":5815,"minecraft:walk_under_water_one_cm":3047,"minecraft:swim_one_cm":2749,"minecraft:fall_one_cm":1402,"minecraft:fly_one_cm":13803},"minecraft:picked_up":{"minecraft:arrow":1},"minecraft:mined":{"minecraft:packed_ice":5}},"DataVersion":3700}