{"stats":{"minecraft:used":{"minecraft:golden_sword":2,"minecraft:wooden_sword":3},"minecraft:custom":{"minecraft:open_chest":1,"minecraft:time_since_rest":2777,"minecraft:crouch_one_cm":224,"minecraft:play_time":16192,"minecraft:sprint_one_cm":51391,"minecraft:walk_one_cm":16875,"minecraft:damage_taken":502,"minecraft:deaths":2,"minecraft:sneak_time":52,"minecraft:jump":445,"minecraft:damage_dealt":255,"minecraft:leave_game":3,"minecraft:time_since_death":2626,"minecraft:total_world_time":16192,"minecraft:fall_one_cm":13935,"minecraft:fly_one_cm":81179,"minecraft:player_kills":1},"minecraft:killed_by":{"minecraft:player":2},"minecraft:killed":{"minecraft:player":1},"minecraft:picked_up":{"minecraft:wooden_sword":1,"minecraft:stick":1,"minecraft:acacia_planks":4,"minecraft:dirt":1},"minecraft:mined":{"minecraft:grass_block":1}},"DataVersion":3465}