{"stats":{"minecraft:killed_by":{"minecraft:vindicator":1,"minecraft:skeleton":1},"minecraft:crafted":{"hangglider:glider_framework":2,"minecraft:wooden_sword":1,"minecraft:stone_shovel":5,"comforts:sleeping_bag_white":1,"minecraft:cooked_chicken":1,"hangglider:hang_glider":2,"minecraft:furnace":3,"minecraft:bone_meal":69,"hangglider:glider_wing":4,"minecraft:bow":1,"minecraft:iron_boots":1,"minecraft:stone_pickaxe":1,"minecraft:chest":2,"minecraft:dark_oak_planks":56,"minecraft:wheat":36,"minecraft:cooked_beef":2,"minecraft:cooked_porkchop":22,"minecraft:dark_oak_stairs":4,"minecraft:crafting_table":2,"minecraft:spruce_planks":52,"minecraft:wooden_pickaxe":1,"minecraft:iron_helmet":1,"minecraft:stone_axe":2,"minecraft:bread":20,"minecraft:air":0,"minecraft:light_gray_bed":1,"minecraft:iron_chestplate":1,"minecraft:wooden_hoe":1,"minecraft:charcoal":24,"minecraft:shield":1,"minecraft:stick":100,"minecraft:iron_pickaxe":1,"minecraft:iron_ingot":33,"minecraft:wooden_axe":2,"minecraft:stone_sword":1,"minecraft:iron_leggings":1,"minecraft:gold_ingot":2,"minecraft:torch":76,"adventurez:cooked_venison":10},"minecraft:killed":{"minecraft:spider":2,"minecraft:skeleton":4,"minecraft:llama":6,"minecraft:drowned":1,"minecraft:pig":6,"minecraft:rabbit":3,"minecraft:zombie":7,"minecraft:player":1,"minecraft:enderman":1,"minecraft:cow":3},"minecraft:mined":{"minecraft:dark_oak_planks":7,"minecraft:spruce_planks":21,"minecraft:mossy_cobblestone":3,"minecraft:dark_oak_log":30,"minecraft:ladder":11,"minecraft:grass_block":20,"minecraft:decorated_pot":1,"minecraft:light_gray_bed":1,"minecraft:spruce_leaves":1,"minecraft:moss_block":1,"minecraft:large_fern":3,"minecraft:hay_block":10,"minecraft:furnace":2,"minecraft:iron_ore":24,"minecraft:snow":82,"minecraft:pumpkin":1,"minecraft:dark_oak_stairs":2,"minecraft:deepslate_iron_ore":10,"minecraft:cave_vines":3,"minecraft:water_cauldron":1,"minecraft:rail":3,"minecraft:oak_stairs":1,"minecraft:stone":95,"minecraft:flowering_azalea":1,"minecraft:blackstone":3,"minecraft:snow_block":4,"minecraft:powder_snow":15,"minecraft:clay":5,"minecraft:crafting_table":7,"minecraft:torch":1,"minecraft:cobblestone":13,"minecraft:deepslate_coal_ore":16,"minecraft:oak_planks":16,"minecraft:wall_torch":2,"minecraft:cauldron":1,"minecraft:blue_ice":1,"minecraft:spruce_log":72,"minecraft:light_gray_wool":3,"minecraft:red_wall_banner":1,"minecraft:grass":3,"minecraft:oak_log":6,"minecraft:gravel":122,"minecraft:dirt":31,"minecraft:cobweb":9,"minecraft:smooth_basalt":5,"minecraft:small_dripleaf":1,"minecraft:mossy_stone_bricks":4,"minecraft:fern":6},"minecraft:used":{"minecraft:stone_sword":129,"minecraft:armor_stand":1,"minecraft:stone_shovel":511,"minecraft:ladder":12,"minecraft:spruce_planks":20,"minecraft:chest":2,"minecraft:stone_hoe":12,"minecraft:cooked_chicken":1,"minecraft:rotten_flesh":1,"minecraft:torch":21,"minecraft:dirt":26,"minecraft:snowball":61,"minecraft:dark_oak_planks":15,"minecraft:wooden_axe":78,"minecraft:smooth_basalt":5,"minecraft:bow":2,"minecraft:furnace":4,"comforts:sleeping_bag_white":4,"minecraft:cooked_beef":2,"minecraft:light_gray_bed":2,"minecraft:dark_oak_stairs":6,"minecraft:mossy_stone_bricks":1,"adventurez:cooked_venison":2,"minecraft:rabbit":1,"minecraft:stone_pickaxe":135,"minecraft:oak_planks":13,"minecraft:wooden_pickaxe":59,"minecraft:cauldron":2,"minecraft:crafting_table":7,"minecraft:spruce_log":28,"minecraft:wooden_hoe":9,"minecraft:dark_oak_log":4,"minecraft:bread":14,"minecraft:iron_pickaxe":181,"minecraft:gravel":11,"minecraft:stone_axe":288,"minecraft:wooden_sword":65,"minecraft:cobblestone":57,"minecraft:cooked_porkchop":20,"minecraft:red_banner":1},"minecraft:dropped":{"minecraft:moss_block":1,"minecraft:wheat_seeds":2,"minecraft:cooked_beef":1,"minecraft:oak_log":2,"minecraft:mossy_cobblestone":3,"minecraft:cooked_porkchop":2,"minecraft:crossbow":1,"minecraft:leather_helmet":1,"minecraft:stick":36,"minecraft:dirt":4,"minecraft:torch":27,"minecraft:wooden_hoe":1,"minecraft:wooden_axe":2,"minecraft:snowball":38,"minecraft:oak_stairs":1,"minecraft:spruce_sapling":3,"minecraft:gravel":41,"minecraft:stone_axe":1,"minecraft:moss_carpet":2,"hangglider:hang_glider":1,"minecraft:bowl":3,"minecraft:oak_planks":1,"minecraft:pumpkin_seeds":5,"patchouli:guide_book":3,"minecraft:leather_chestplate":1,"minecraft:howl_pottery_sherd":1,"minecraft:mossy_stone_bricks":6,"simplyswords:iron_spear":1,"comforts:sleeping_bag_white":1,"minecraft:arrow":2,"minecraft:wooden_pickaxe":1},"minecraft:broken":{"minecraft:stone_sword":1,"minecraft:wooden_pickaxe":1,"minecraft:stone_pickaxe":1,"minecraft:wooden_sword":1,"minecraft:stone_axe":1,"minecraft:stone_shovel":3},"minecraft:picked_up":{"minecraft:crafting_table":6,"minecraft:chicken":1,"minecraft:ladder":12,"minecraft:clay_ball":39,"minecraft:chest_minecart":1,"minecraft:wooden_pickaxe":1,"minecraft:oak_stairs":1,"minecraft:potion":4,"minecraft:brick":3,"minecraft:moss_carpet":2,"minecraft:string":12,"minecraft:armor_stand":1,"minecraft:blackstone":4,"minecraft:beetroot":15,"minecraft:tnt_minecart":1,"comforts:sleeping_bag_white":5,"minecraft:spruce_planks":21,"minecraft:beef":2,"minecraft:light_gray_wool":3,"minecraft:furnace":2,"minecraft:dark_oak_sapling":3,"minecraft:raw_iron":33,"minecraft:stick":13,"minecraft:torch":5,"minecraft:bowl":2,"minecraft:porkchop":18,"minecraft:carrot":13,"minecraft:cauldron":2,"minecraft:dark_oak_planks":8,"minecraft:howl_pottery_sherd":1,"minecraft:light_gray_bed":1,"minecraft:arrow":13,"minecraft:rotten_flesh":8,"minecraft:tropical_fish":1,"minecraft:pumpkin_pie":4,"minecraft:cow_spawn_egg":1,"minecraft:hay_block":18,"minecraft:gold_ingot":9,"minecraft:glistering_melon_slice":13,"minecraft:mutton":2,"minecraft:rail":3,"minecraft:cobblestone":109,"minecraft:snowball":99,"minecraft:white_wool":2,"minecraft:leather_chestplate":1,"minecraft:cooked_beef":1,"minecraft:glow_ink_sac":2,"minecraft:leather":9,"minecraft:flint":11,"minecraft:oak_log":8,"minecraft:dirt":32,"minecraft:bone":6,"minecraft:bow":1,"minecraft:wheat_seeds":4,"minecraft:rabbit_hide":3,"minecraft:mossy_stone_bricks":7,"minecraft:rabbit":2,"simplyswords:iron_spear":1,"minecraft:moss_block":1,"minecraft:oak_planks":16,"minecraft:dark_oak_stairs":2,"minecraft:smooth_basalt":5,"minecraft:pumpkin":1,"minecraft:sweet_berries":61,"patchouli:guide_book":4,"minecraft:gravel":116,"minecraft:spruce_sapling":12,"minecraft:red_banner":2,"minecraft:spruce_log":67,"minecraft:white_bed":1,"minecraft:leather_helmet":1,"minecraft:dark_oak_log":28,"minecraft:mossy_cobblestone":6,"minecraft:pumpkin_seeds":5,"minecraft:sugar":1,"minecraft:stone_axe":2,"minecraft:emerald":1,"minecraft:bread":42,"minecraft:coal":16,"minecraft:ender_pearl":1},"minecraft:custom":{"minecraft:mob_kills":34,"minecraft:interact_with_crafting_table":61,"minecraft:open_barrel":13,"minecraft:time_since_death":127430,"minecraft:climb_one_cm":25592,"minecraft:sprint_one_cm":768234,"minecraft:walk_one_cm":401796,"minecraft:drop":51,"minecraft:play_time":203245,"minecraft:deaths":2,"minecraft:sneak_time":7278,"minecraft:walk_under_water_one_cm":12411,"minecraft:jump":3621,"minecraft:interact_with_blast_furnace":8,"minecraft:walk_on_water_one_cm":21382,"minecraft:total_world_time":203245,"minecraft:interact_with_furnace":44,"minecraft:sleep_in_bed":10,"minecraft:time_since_rest":20479,"minecraft:damage_taken":2410,"minecraft:damage_dealt":5066,"minecraft:swim_one_cm":13552,"minecraft:fly_one_cm":774362,"minecraft:player_kills":2,"minecraft:open_chest":125,"minecraft:crouch_one_cm":26499,"minecraft:interact_with_smoker":1,"minecraft:fall_one_cm":64636}},"DataVersion":3465}