{"stats":{"minecraft:killed_by":{"minecraft:vindicator":1,"minecraft:skeleton":4},"minecraft:crafted":{"hangglider:glider_framework":2,"minecraft:wooden_sword":1,"minecraft:stone_shovel":5,"comforts:sleeping_bag_white":1,"minecraft:cooked_chicken":1,"hangglider:hang_glider":2,"minecraft:furnace":3,"minecraft:bone_meal":69,"hangglider:glider_wing":4,"minecraft:bow":1,"minecraft:iron_boots":1,"minecraft:stone_pickaxe":2,"minecraft:chest":2,"minecraft:dark_oak_planks":56,"minecraft:wheat":45,"minecraft:cooked_beef":2,"minecraft:cooked_porkchop":22,"minecraft:dark_oak_stairs":4,"minecraft:crafting_table":4,"minecraft:spruce_planks":124,"minecraft:wooden_pickaxe":1,"minecraft:iron_helmet":1,"minecraft:stone_axe":3,"minecraft:bread":23,"minecraft:air":0,"minecraft:light_gray_bed":1,"minecraft:iron_chestplate":1,"minecraft:wooden_hoe":1,"minecraft:charcoal":24,"minecraft:shield":1,"minecraft:stick":100,"minecraft:iron_pickaxe":1,"minecraft:iron_ingot":33,"minecraft:wooden_axe":2,"minecraft:stone_sword":1,"minecraft:iron_leggings":1,"minecraft:gold_ingot":2,"minecraft:torch":76,"adventurez:cooked_venison":10},"minecraft:killed":{"minecraft:spider":5,"minecraft:skeleton":11,"minecraft:llama":6,"minecraft:drowned":1,"minecraft:husk":1,"minecraft:pig":7,"minecraft:rabbit":3,"minecraft:zombie":8,"minecraft:player":1,"minecraft:enderman":1,"minecraft:cow":3},"minecraft:mined":{"minecraft:dark_oak_planks":10,"minecraft:red_nether_brick_slab":2,"minecraft:waxed_cut_copper_slab":1,"minecraft:spruce_planks":29,"minecraft:mossy_cobblestone":4,"minecraft:dark_oak_leaves":2,"minecraft:dark_oak_log":30,"minecraft:dark_oak_fence":1,"minecraft:spruce_trapdoor":3,"minecraft:ladder":11,"minecraft:grass_block":20,"minecraft:decorated_pot":1,"minecraft:white_stained_glass":1,"minecraft:light_gray_bed":1,"minecraft:spruce_leaves":13,"minecraft:moss_block":1,"minecraft:spawner":2,"minecraft:large_fern":3,"minecraft:hay_block":10,"minecraft:furnace":2,"minecraft:cobbled_deepslate":3,"minecraft:iron_ore":25,"minecraft:snow":84,"minecraft:andesite":1,"minecraft:pumpkin":1,"minecraft:dark_oak_stairs":2,"minecraft:dirt_path":1,"minecraft:deepslate_iron_ore":10,"minecraft:cave_vines":3,"minecraft:water_cauldron":1,"minecraft:rail":3,"minecraft:oak_stairs":1,"minecraft:stripped_mangrove_wood":8,"minecraft:stone":104,"minecraft:white_wool":4,"minecraft:cake":1,"minecraft:deepslate_redstone_ore":14,"minecraft:flowering_azalea":1,"minecraft:blackstone":7,"minecraft:snow_block":14,"minecraft:polished_granite":2,"minecraft:powder_snow":15,"minecraft:clay":5,"minecraft:crafting_table":9,"minecraft:torch":1,"minecraft:calcite":5,"minecraft:cobblestone":14,"minecraft:deepslate_coal_ore":16,"minecraft:diorite":3,"minecraft:cyan_bed":1,"minecraft:oak_planks":16,"minecraft:wall_torch":2,"minecraft:cauldron":1,"minecraft:stone_stairs":2,"minecraft:light_gray_stained_glass":1,"minecraft:blue_ice":1,"minecraft:birch_leaves":4,"minecraft:spruce_log":85,"minecraft:light_gray_wool":3,"minecraft:red_wall_banner":1,"minecraft:mangrove_slab":4,"minecraft:grass":5,"minecraft:oak_log":6,"minecraft:cyan_carpet":3,"minecraft:gravel":122,"minecraft:dirt":33,"minecraft:cobweb":9,"minecraft:smooth_basalt":5,"minecraft:red_mushroom_block":7,"minecraft:small_dripleaf":1,"minecraft:mossy_stone_bricks":4,"minecraft:oak_leaves":1,"minecraft:deepslate":21,"minecraft:fern":7},"minecraft:used":{"minecraft:stone_sword":129,"minecraft:armor_stand":1,"minecraft:stone_shovel":536,"minecraft:ladder":12,"minecraft:spruce_planks":34,"minecraft:chest":4,"minecraft:shield":5,"minecraft:iron_sword":105,"minecraft:stone_hoe":12,"minecraft:cooked_chicken":1,"minecraft:rotten_flesh":2,"minecraft:torch":26,"minecraft:dirt":27,"minecraft:carrot":2,"minecraft:stone_stairs":1,"minecraft:snowball":61,"minecraft:dark_oak_planks":17,"minecraft:wooden_axe":78,"minecraft:smooth_basalt":5,"minecraft:bow":9,"minecraft:furnace":4,"minecraft:mangrove_slab":3,"comforts:sleeping_bag_white":9,"minecraft:cobbled_deepslate":24,"minecraft:cooked_beef":2,"minecraft:light_gray_bed":2,"minecraft:calcite":3,"minecraft:dark_oak_stairs":6,"minecraft:mossy_stone_bricks":1,"minecraft:diorite":3,"adventurez:cooked_venison":10,"minecraft:rabbit":1,"minecraft:stone_pickaxe":221,"minecraft:oak_planks":15,"minecraft:wooden_pickaxe":59,"minecraft:cauldron":2,"minecraft:white_wool":1,"minecraft:stripped_mangrove_wood":4,"minecraft:crafting_table":11,"minecraft:cake":1,"minecraft:spruce_log":28,"minecraft:wooden_hoe":9,"minecraft:dark_oak_log":4,"minecraft:bread":40,"minecraft:polished_granite":2,"minecraft:iron_pickaxe":251,"minecraft:spruce_trapdoor":2,"minecraft:gravel":11,"minecraft:stone_axe":429,"minecraft:wooden_sword":65,"minecraft:cobblestone":63,"minecraft:dark_oak_fence":1,"minecraft:cooked_porkchop":20,"minecraft:andesite":5,"minecraft:red_banner":1},"minecraft:dropped":{"minecraft:iron_sword":1,"minecraft:moss_block":1,"minecraft:stripped_mangrove_wood":1,"minecraft:wheat_seeds":2,"minecraft:cooked_beef":1,"minecraft:oak_log":2,"minecraft:mossy_cobblestone":6,"minecraft:cooked_porkchop":2,"minecraft:red_nether_brick_slab":2,"minecraft:crossbow":1,"minecraft:cobblestone":10,"minecraft:apple":2,"minecraft:leather_helmet":1,"friendsandfoes:totem_of_illusion":1,"minecraft:item_frame":1,"minecraft:emerald":1,"minecraft:stick":38,"minecraft:dirt":8,"minecraft:diorite":3,"minecraft:torch":55,"minecraft:wooden_hoe":1,"minecraft:wooden_axe":2,"minecraft:snowball":93,"minecraft:iron_leggings":1,"minecraft:potion":2,"minecraft:oak_stairs":1,"minecraft:glistering_melon_slice":6,"minecraft:string":8,"minecraft:mangrove_slab":2,"minecraft:redstone":63,"minecraft:spruce_sapling":6,"minecraft:gravel":41,"minecraft:stone_axe":1,"minecraft:moss_carpet":2,"minecraft:sweet_berries":15,"minecraft:blackstone":6,"hangglider:hang_glider":1,"minecraft:cobbled_deepslate":21,"minecraft:bowl":3,"minecraft:raw_iron":2,"minecraft:oak_planks":1,"minecraft:stone_stairs":1,"minecraft:carrot":4,"minecraft:pumpkin_seeds":5,"patchouli:guide_book":3,"minecraft:leather_chestplate":1,"minecraft:potato":12,"minecraft:spruce_planks":8,"minecraft:howl_pottery_sherd":1,"minecraft:mossy_stone_bricks":6,"simplyswords:iron_spear":2,"comforts:sleeping_bag_white":2,"minecraft:painting":3,"minecraft:spruce_log":17,"minecraft:arrow":10,"minecraft:wooden_pickaxe":1,"minecraft:calcite":4},"minecraft:broken":{"minecraft:stone_sword":1,"minecraft:wooden_pickaxe":1,"minecraft:stone_pickaxe":1,"minecraft:wooden_sword":1,"minecraft:stone_axe":3,"minecraft:iron_pickaxe":1,"minecraft:stone_shovel":4},"minecraft:picked_up":{"minecraft:crafting_table":9,"minecraft:chicken":1,"minecraft:ladder":12,"minecraft:clay_ball":39,"minecraft:chest_minecart":1,"friendsandfoes:totem_of_illusion":2,"minecraft:wooden_pickaxe":1,"minecraft:oak_stairs":1,"minecraft:potion":8,"minecraft:brick":3,"minecraft:stone_stairs":2,"minecraft:moss_carpet":2,"minecraft:string":28,"minecraft:iron_leggings":1,"minecraft:item_frame":3,"minecraft:armor_stand":1,"minecraft:blackstone":10,"minecraft:beetroot":15,"minecraft:tnt_minecart":1,"minecraft:cobbled_deepslate":47,"comforts:sleeping_bag_white":13,"minecraft:spruce_planks":74,"minecraft:beef":2,"minecraft:calcite":7,"minecraft:light_gray_wool":3,"minecraft:chest":2,"minecraft:birch_sapling":1,"minecraft:spruce_trapdoor":3,"minecraft:furnace":2,"minecraft:stripped_mangrove_wood":6,"minecraft:dark_oak_sapling":3,"minecraft:raw_iron":37,"minecraft:stick":38,"minecraft:torch":89,"minecraft:bowl":2,"minecraft:porkchop":19,"minecraft:cake":1,"minecraft:diorite":6,"minecraft:carrot":17,"minecraft:redstone":126,"minecraft:cauldron":2,"minecraft:dark_oak_planks":10,"minecraft:howl_pottery_sherd":1,"minecraft:light_gray_bed":1,"minecraft:arrow":42,"minecraft:rotten_flesh":8,"minecraft:tropical_fish":1,"minecraft:pumpkin_pie":4,"minecraft:cow_spawn_egg":1,"minecraft:hay_block":19,"minecraft:gold_ingot":9,"minecraft:glistering_melon_slice":16,"minecraft:mutton":2,"minecraft:rail":3,"minecraft:cobblestone":132,"minecraft:snowball":154,"minecraft:white_wool":6,"minecraft:leather_chestplate":1,"minecraft:cooked_beef":1,"minecraft:glow_ink_sac":2,"minecraft:andesite":5,"minecraft:leather":9,"minecraft:flint":11,"minecraft:oak_log":8,"minecraft:mangrove_slab":5,"minecraft:dirt":37,"minecraft:polished_granite":2,"minecraft:bone":11,"minecraft:bow":1,"minecraft:wheat_seeds":4,"minecraft:rabbit_hide":3,"minecraft:mossy_stone_bricks":7,"minecraft:rabbit":2,"minecraft:iron_sword":1,"simplyswords:iron_spear":2,"minecraft:moss_block":1,"minecraft:oak_planks":16,"minecraft:dark_oak_stairs":2,"minecraft:smooth_basalt":5,"minecraft:pumpkin":1,"minecraft:sweet_berries":62,"patchouli:guide_book":4,"minecraft:gravel":116,"minecraft:spruce_sapling":15,"minecraft:red_banner":2,"minecraft:spruce_log":109,"minecraft:white_bed":1,"minecraft:leather_helmet":1,"minecraft:dark_oak_log":28,"minecraft:mossy_cobblestone":9,"minecraft:pumpkin_seeds":5,"minecraft:sugar":1,"minecraft:stone_axe":2,"minecraft:painting":4,"minecraft:emerald":3,"minecraft:bread":71,"minecraft:red_nether_brick_slab":4,"minecraft:dark_oak_fence":1,"minecraft:coal":16,"minecraft:ender_pearl":1},"minecraft:custom":{"minecraft:mob_kills":49,"minecraft:interact_with_crafting_table":65,"minecraft:open_barrel":14,"minecraft:eat_cake_slice":6,"minecraft:time_since_death":0,"minecraft:climb_one_cm":26430,"minecraft:sprint_one_cm":1171173,"minecraft:walk_one_cm":668673,"minecraft:damage_blocked_by_shield":150,"minecraft:drop":252,"minecraft:talked_to_villager":1,"minecraft:play_time":311245,"minecraft:deaths":5,"minecraft:sneak_time":12307,"minecraft:walk_under_water_one_cm":12411,"minecraft:jump":5828,"minecraft:interact_with_blast_furnace":8,"minecraft:walk_on_water_one_cm":21524,"minecraft:total_world_time":311245,"minecraft:interact_with_furnace":44,"minecraft:interact_with_cartography_table":1,"minecraft:sleep_in_bed":17,"minecraft:time_since_rest":51,"minecraft:damage_taken":4925,"minecraft:damage_dealt":7984,"minecraft:swim_one_cm":13552,"minecraft:fly_one_cm":1194152,"minecraft:player_kills":2,"minecraft:open_chest":137,"minecraft:crouch_one_cm":41077,"minecraft:interact_with_smoker":1,"minecraft:fall_one_cm":116794}},"DataVersion":3465}