{"stats":{"minecraft:killed_by":{"minecraft:vindicator":1,"minecraft:enderman":1,"minecraft:skeleton":6},"minecraft:crafted":{"hangglider:hang_glider":2,"minecraft:cooked_chicken":1,"minecraft:bow":1,"minecraft:iron_boots":1,"minecraft:chest":2,"minecraft:cooked_porkchop":22,"minecraft:crafting_table":4,"minecraft:spruce_planks":124,"minecraft:wooden_pickaxe":1,"minecraft:iron_helmet":1,"minecraft:light_gray_bed":1,"minecraft:wooden_hoe":1,"minecraft:iron_chestplate":1,"minecraft:charcoal":45,"minecraft:shield":1,"minecraft:stick":116,"minecraft:iron_ingot":35,"minecraft:iron_pickaxe":3,"minecraft:stone_sword":1,"minecraft:gold_ingot":2,"hangglider:glider_framework":2,"minecraft:wooden_sword":1,"minecraft:stone_shovel":5,"comforts:sleeping_bag_white":1,"minecraft:furnace":5,"minecraft:bone_meal":69,"hangglider:glider_wing":4,"minecraft:iron_axe":2,"minecraft:stone_pickaxe":2,"minecraft:dark_oak_planks":56,"minecraft:wheat":45,"minecraft:cooked_beef":8,"minecraft:dark_oak_stairs":4,"minecraft:iron_sword":1,"minecraft:stone_axe":3,"minecraft:air":0,"minecraft:bread":24,"minecraft:wooden_axe":2,"minecraft:iron_shovel":1,"minecraft:iron_leggings":1,"minecraft:torch":88,"adventurez:cooked_venison":10},"minecraft:killed":{"minecraft:spider":10,"minecraft:skeleton":30,"minecraft:pig":7,"minecraft:zombie":13,"minecraft:cow":6,"minecraft:phantom":12,"minecraft:llama":6,"minecraft:drowned":1,"minecraft:husk":1,"minecraft:rabbit":3,"minecraft:player":2,"minecraft:enderman":2},"minecraft:mined":{"minecraft:dark_oak_planks":10,"minecraft:red_nether_brick_slab":2,"minecraft:waxed_cut_copper_slab":1,"minecraft:spruce_planks":80,"minecraft:spruce_trapdoor":8,"minecraft:granite":3,"minecraft:stripped_crimson_hyphae":2,"minecraft:grass_block":27,"minecraft:light_gray_bed":1,"minecraft:spawner":5,"minecraft:barrel":4,"minecraft:iron_ore":25,"minecraft:cobbled_deepslate":3,"minecraft:pumpkin":1,"minecraft:dark_oak_stairs":3,"minecraft:cave_vines":3,"minecraft:water_cauldron":1,"minecraft:dirt_path":1,"minecraft:oak_stairs":1,"minecraft:stripped_mangrove_wood":8,"minecraft:spruce_slab":2,"minecraft:deepslate_redstone_ore":14,"minecraft:blackstone":7,"minecraft:powder_snow":15,"minecraft:clay":5,"minecraft:torch":3,"minecraft:calcite":5,"minecraft:chest":1,"minecraft:dead_bush":1,"minecraft:cobblestone":20,"minecraft:cyan_bed":1,"minecraft:oak_planks":16,"minecraft:wall_torch":4,"minecraft:cauldron":1,"minecraft:stone_stairs":2,"minecraft:chain":1,"minecraft:light_gray_stained_glass":1,"minecraft:blue_ice":1,"minecraft:light_gray_wool":3,"minecraft:grass":10,"minecraft:oak_log":6,"minecraft:dirt":66,"minecraft:smooth_basalt":5,"minecraft:red_mushroom_block":7,"minecraft:oak_leaves":1,"minecraft:deepslate":21,"minecraft:mossy_cobblestone":14,"minecraft:dark_oak_leaves":2,"minecraft:dark_oak_log":30,"minecraft:ladder":11,"minecraft:dark_oak_fence":3,"minecraft:decorated_pot":1,"minecraft:white_stained_glass":1,"minecraft:spruce_leaves":32,"minecraft:moss_block":1,"minecraft:large_fern":7,"minecraft:hay_block":10,"minecraft:furnace":2,"minecraft:snow":84,"minecraft:andesite":1,"minecraft:deepslate_iron_ore":10,"minecraft:rail":3,"minecraft:stone":125,"minecraft:white_wool":4,"minecraft:cake":1,"minecraft:flowering_azalea":1,"minecraft:snow_block":14,"minecraft:polished_granite":2,"minecraft:crafting_table":9,"minecraft:rose_bush":1,"minecraft:andesite_slab":1,"minecraft:deepslate_coal_ore":16,"minecraft:diorite":3,"minecraft:spruce_stairs":1,"minecraft:red_terracotta":30,"minecraft:beehive":1,"minecraft:spruce_log":121,"minecraft:birch_leaves":25,"minecraft:red_wall_banner":1,"minecraft:mangrove_slab":4,"minecraft:gravel":122,"minecraft:cyan_carpet":3,"minecraft:cobweb":9,"minecraft:terracotta":4,"minecraft:polished_andesite":3,"minecraft:small_dripleaf":1,"minecraft:mossy_stone_bricks":4,"minecraft:fern":20},"minecraft:used":{"minecraft:beetroot":3,"minecraft:spruce_slab":2,"minecraft:ladder":12,"minecraft:chest":6,"minecraft:shield":45,"minecraft:iron_sword":314,"minecraft:rotten_flesh":12,"minecraft:carrot":2,"minecraft:snowball":61,"minecraft:bow":11,"minecraft:furnace":6,"minecraft:mangrove_slab":3,"minecraft:dark_oak_stairs":7,"minecraft:mossy_stone_bricks":1,"minecraft:diorite":3,"adventurez:cooked_venison":10,"minecraft:stone_pickaxe":268,"minecraft:oak_planks":15,"minecraft:wooden_pickaxe":59,"minecraft:white_wool":1,"minecraft:stripped_mangrove_wood":4,"minecraft:crossbow":30,"minecraft:dark_oak_log":4,"minecraft:bread":60,"minecraft:red_terracotta":30,"minecraft:polished_granite":2,"minecraft:gravel":11,"minecraft:wooden_sword":65,"minecraft:dark_oak_fence":2,"minecraft:andesite":5,"minecraft:stone_sword":129,"minecraft:armor_stand":1,"minecraft:stone_shovel":616,"minecraft:spruce_planks":87,"minecraft:stone_hoe":12,"minecraft:cooked_chicken":1,"minecraft:torch":29,"minecraft:dirt":31,"minecraft:stone_stairs":1,"minecraft:granite":2,"minecraft:wooden_axe":78,"minecraft:dark_oak_planks":25,"minecraft:iron_axe":270,"minecraft:barrel":4,"minecraft:smooth_basalt":5,"comforts:sleeping_bag_white":10,"minecraft:cooked_beef":2,"minecraft:cobbled_deepslate":24,"minecraft:light_gray_bed":2,"minecraft:calcite":3,"minecraft:rabbit":1,"minecraft:polished_andesite":3,"minecraft:cauldron":2,"minecraft:mossy_cobblestone":3,"minecraft:crafting_table":12,"minecraft:cake":1,"minecraft:spruce_log":31,"minecraft:wooden_hoe":9,"minecraft:iron_pickaxe":371,"minecraft:spruce_trapdoor":7,"minecraft:stone_axe":463,"minecraft:cobblestone":69,"minecraft:stripped_crimson_hyphae":1,"minecraft:cooked_porkchop":20,"minecraft:red_banner":1},"minecraft:dropped":{"minecraft:iron_sword":1,"minecraft:moss_block":1,"minecraft:stripped_mangrove_wood":1,"minecraft:cooked_beef":1,"minecraft:oak_log":2,"minecraft:cooked_porkchop":2,"minecraft:crossbow":1,"minecraft:red_nether_brick_slab":2,"minecraft:leather_helmet":1,"friendsandfoes:totem_of_illusion":1,"minecraft:item_frame":3,"minecraft:emerald":1,"minecraft:dirt":8,"minecraft:snowball":93,"minecraft:glistering_melon_slice":6,"minecraft:mangrove_slab":2,"minecraft:gravel":41,"minecraft:stone_axe":1,"minecraft:blackstone":6,"hangglider:hang_glider":1,"minecraft:cobbled_deepslate":21,"minecraft:oak_planks":1,"minecraft:beehive":1,"minecraft:stone_stairs":1,"minecraft:carrot":4,"patchouli:guide_book":3,"minecraft:leather_chestplate":1,"comforts:sleeping_bag_white":2,"minecraft:painting":4,"minecraft:arrow":10,"minecraft:bread":3,"minecraft:wheat_seeds":7,"minecraft:mossy_cobblestone":6,"minecraft:cobblestone":10,"minecraft:apple":2,"minecraft:spruce_stairs":1,"minecraft:stick":38,"minecraft:diorite":3,"minecraft:wooden_hoe":1,"minecraft:torch":55,"minecraft:wooden_axe":2,"minecraft:rose_bush":7,"minecraft:potion":2,"minecraft:iron_leggings":1,"minecraft:oak_stairs":1,"minecraft:string":8,"minecraft:spruce_sapling":7,"minecraft:redstone":68,"minecraft:moss_carpet":2,"minecraft:sweet_berries":15,"minecraft:coarse_dirt":12,"minecraft:bowl":3,"minecraft:raw_iron":2,"minecraft:pumpkin_seeds":5,"minecraft:potato":12,"minecraft:spruce_planks":8,"minecraft:howl_pottery_sherd":1,"minecraft:mossy_stone_bricks":6,"simplyswords:iron_spear":2,"minecraft:spruce_log":17,"minecraft:blue_orchid":9,"minecraft:wooden_pickaxe":1,"minecraft:calcite":4},"minecraft:broken":{"minecraft:stone_pickaxe":2,"minecraft:wooden_sword":1,"minecraft:stone_axe":4,"minecraft:iron_sword":1,"minecraft:stone_shovel":4,"minecraft:stone_sword":1,"minecraft:wooden_pickaxe":1,"minecraft:iron_axe":1,"minecraft:iron_pickaxe":1},"minecraft:picked_up":{"minecraft:iron_chestplate":1,"minecraft:oak_stairs":1,"minecraft:potion":8,"minecraft:string":36,"minecraft:iron_leggings":1,"minecraft:armor_stand":1,"minecraft:beetroot":21,"minecraft:tnt_minecart":1,"minecraft:cobbled_deepslate":47,"bosses_of_mass_destruction:soul_star":1,"comforts:sleeping_bag_white":16,"minecraft:spruce_planks":157,"minecraft:rose_bush":19,"minecraft:calcite":7,"minecraft:furnace":2,"minecraft:beehive":1,"minecraft:stick":110,"minecraft:torch":190,"minecraft:spruce_stairs":1,"minecraft:porkchop":19,"minecraft:diorite":6,"minecraft:cauldron":2,"minecraft:rotten_flesh":14,"minecraft:light_gray_bed":1,"minecraft:tropical_fish":1,"minecraft:cow_spawn_egg":1,"minecraft:snowball":154,"minecraft:cobblestone":169,"minecraft:leather_chestplate":1,"minecraft:cooked_beef":1,"minecraft:andesite":5,"minecraft:flint":11,"minecraft:dirt":110,"minecraft:mangrove_slab":5,"minecraft:polished_granite":2,"minecraft:bone":47,"minecraft:bow":1,"minecraft:wheat_seeds":11,"minecraft:mossy_stone_bricks":7,"minecraft:rabbit":2,"minecraft:moss_block":1,"minecraft:oak_planks":16,"patchouli:guide_book":4,"minecraft:barrel":7,"minecraft:red_terracotta":32,"minecraft:dark_oak_log":28,"minecraft:mossy_cobblestone":21,"minecraft:polished_andesite":3,"minecraft:sugar":1,"minecraft:granite":3,"minecraft:bread":71,"minecraft:emerald":3,"minecraft:dark_oak_fence":4,"minecraft:andesite_slab":1,"minecraft:coarse_dirt":12,"minecraft:charcoal":4,"minecraft:crafting_table":9,"minecraft:chicken":1,"minecraft:ladder":12,"minecraft:clay_ball":39,"minecraft:chest_minecart":1,"minecraft:wooden_pickaxe":1,"friendsandfoes:totem_of_illusion":2,"minecraft:brick":3,"minecraft:moss_carpet":2,"minecraft:stone_stairs":2,"minecraft:item_frame":5,"minecraft:blue_orchid":9,"minecraft:blackstone":10,"minecraft:beef":8,"minecraft:spruce_slab":2,"minecraft:light_gray_wool":3,"minecraft:chest":4,"minecraft:birch_sapling":6,"minecraft:phantom_membrane":3,"minecraft:spruce_trapdoor":19,"minecraft:dark_oak_sapling":3,"minecraft:stripped_crimson_hyphae":2,"minecraft:raw_iron":39,"minecraft:stripped_mangrove_wood":6,"minecraft:bowl":2,"minecraft:spruce_fence":1,"minecraft:cake":1,"minecraft:carrot":17,"minecraft:redstone":136,"minecraft:dark_oak_planks":16,"minecraft:howl_pottery_sherd":1,"minecraft:arrow":174,"minecraft:pumpkin_pie":4,"minecraft:hay_block":19,"minecraft:glistering_melon_slice":16,"minecraft:gold_ingot":11,"minecraft:mutton":2,"minecraft:skeleton_skull":1,"minecraft:white_wool":6,"minecraft:rail":3,"minecraft:glow_ink_sac":2,"minecraft:leather":12,"minecraft:oak_log":8,"minecraft:gunpowder":3,"minecraft:rabbit_hide":3,"minecraft:iron_ingot":11,"minecraft:iron_sword":1,"simplyswords:iron_spear":2,"minecraft:dark_oak_stairs":3,"minecraft:smooth_basalt":5,"minecraft:pumpkin":1,"minecraft:sweet_berries":62,"minecraft:gravel":116,"minecraft:red_banner":2,"minecraft:spruce_sapling":18,"minecraft:white_bed":1,"minecraft:spruce_log":143,"minecraft:leather_helmet":1,"minecraft:pumpkin_seeds":5,"minecraft:stone_axe":2,"minecraft:painting":5,"minecraft:red_nether_brick_slab":4,"minecraft:terracotta":3,"minecraft:coal":16,"minecraft:ender_pearl":1},"minecraft:custom":{"minecraft:interact_with_crafting_table":79,"minecraft:open_barrel":79,"minecraft:eat_cake_slice":8,"minecraft:time_since_death":28376,"minecraft:sprint_one_cm":1569777,"minecraft:damage_blocked_by_shield":1550,"minecraft:drop":289,"minecraft:talked_to_villager":1,"minecraft:play_time":419245,"minecraft:deaths":13,"minecraft:jump":7039,"minecraft:walk_on_water_one_cm":21524,"minecraft:interact_with_furnace":58,"minecraft:interact_with_cartography_table":1,"minecraft:sleep_in_bed":21,"minecraft:damage_dealt":15101,"minecraft:player_kills":3,"minecraft:crouch_one_cm":73064,"minecraft:interact_with_smoker":1,"minecraft:mob_kills":95,"minecraft:climb_one_cm":31037,"minecraft:walk_one_cm":930989,"minecraft:sneak_time":26925,"minecraft:walk_under_water_one_cm":12411,"minecraft:interact_with_blast_furnace":8,"minecraft:total_world_time":419245,"minecraft:time_since_rest":14998,"minecraft:damage_taken":8246,"minecraft:swim_one_cm":13552,"minecraft:fly_one_cm":1325577,"minecraft:open_chest":191,"minecraft:fall_one_cm":164421}},"DataVersion":3465}