{"stats":{"minecraft:used":{"minecraft:beetroot":3,"minecraft:iron_shovel":48,"minecraft:spruce_slab":2,"minecraft:ladder":12,"minecraft:chest":6,"minecraft:shield":81,"minecraft:iron_sword":631,"minecraft:rotten_flesh":12,"minecraft:carrot":2,"minecraft:snowball":61,"minecraft:honey_bottle":2,"minecraft:bricks":9,"minecraft:bow":11,"minecraft:furnace":6,"minecraft:mangrove_slab":3,"minecraft:dark_oak_stairs":7,"minecraft:mossy_stone_bricks":1,"minecraft:diorite":3,"adventurez:cooked_venison":10,"minecraft:stone_pickaxe":268,"minecraft:oak_planks":87,"minecraft:wooden_pickaxe":59,"minecraft:white_wool":1,"minecraft:stripped_mangrove_wood":4,"minecraft:crossbow":42,"minecraft:dark_oak_log":4,"minecraft:bread":119,"minecraft:red_terracotta":40,"minecraft:polished_granite":2,"minecraft:gravel":11,"minecraft:wooden_sword":65,"minecraft:dark_oak_fence":2,"minecraft:andesite":5,"minecraft:stone_sword":129,"minecraft:armor_stand":1,"minecraft:stone_shovel":655,"minecraft:spruce_planks":135,"minecraft:cooked_chicken":1,"minecraft:stone_hoe":12,"minecraft:torch":38,"minecraft:dirt":89,"minecraft:spruce_stairs":1,"minecraft:stone_stairs":1,"minecraft:granite":6,"minecraft:wooden_axe":78,"minecraft:dark_oak_planks":34,"minecraft:iron_axe":1032,"minecraft:barrel":6,"minecraft:smooth_basalt":5,"comforts:sleeping_bag_white":17,"minecraft:acacia_planks":32,"minecraft:cooked_beef":2,"minecraft:cobbled_deepslate":24,"minecraft:light_gray_bed":2,"minecraft:calcite":3,"minecraft:water_bucket":4,"minecraft:birch_planks":8,"minecraft:rabbit":1,"minecraft:polished_andesite":3,"minecraft:cauldron":2,"minecraft:mossy_cobblestone":3,"minecraft:crafting_table":13,"minecraft:cake":1,"minecraft:spruce_log":31,"minecraft:wooden_hoe":9,"minecraft:iron_pickaxe":573,"minecraft:spruce_trapdoor":21,"minecraft:stone_axe":463,"minecraft:cobblestone":115,"minecraft:stripped_crimson_hyphae":1,"minecraft:cooked_porkchop":20,"minecraft:red_banner":1,"minecraft:bucket":5,"minecraft:birch_stairs":29},"minecraft:custom":{"minecraft:interact_with_crafting_table":99,"minecraft:open_barrel":214,"minecraft:eat_cake_slice":8,"minecraft:leave_game":7,"minecraft:time_since_death":222282,"minecraft:sprint_one_cm":2252539,"minecraft:damage_blocked_by_shield":2495,"minecraft:drop":361,"minecraft:talked_to_villager":1,"minecraft:play_time":660611,"minecraft:deaths":16,"minecraft:jump":9634,"minecraft:walk_on_water_one_cm":21781,"minecraft:interact_with_furnace":70,"minecraft:interact_with_cartography_table":1,"minecraft:sleep_in_bed":35,"minecraft:damage_dealt":20876,"minecraft:player_kills":3,"minecraft:crouch_one_cm":127103,"minecraft:interact_with_smoker":1,"minecraft:mob_kills":127,"minecraft:climb_one_cm":64289,"minecraft:walk_one_cm":1394495,"minecraft:sneak_time":45869,"minecraft:walk_under_water_one_cm":13823,"minecraft:interact_with_blast_furnace":8,"minecraft:total_world_time":660611,"minecraft:time_since_rest":5580,"minecraft:damage_taken":11231,"minecraft:swim_one_cm":14620,"minecraft:fly_one_cm":1835416,"minecraft:open_chest":250,"minecraft:fall_one_cm":216052},"minecraft:killed_by":{"minecraft:vindicator":1,"minecraft:spider":1,"minecraft:enderman":1,"minecraft:skeleton":8},"minecraft:dropped":{"minecraft:iron_sword":1,"minecraft:moss_block":1,"minecraft:birch_planks":4,"minecraft:stripped_mangrove_wood":1,"minecraft:cooked_beef":1,"minecraft:oak_log":2,"minecraft:crafting_table":1,"minecraft:cooked_porkchop":2,"minecraft:crossbow":1,"minecraft:red_nether_brick_slab":2,"minecraft:leather_helmet":1,"friendsandfoes:totem_of_illusion":1,"minecraft:red_mushroom":1,"minecraft:item_frame":3,"minecraft:emerald":1,"minecraft:dirt":8,"minecraft:dark_oak_fence":2,"minecraft:snowball":94,"minecraft:glistering_melon_slice":6,"minecraft:mangrove_slab":2,"minecraft:gravel":41,"minecraft:stone_axe":1,"minecraft:blackstone":6,"hangglider:hang_glider":2,"minecraft:cobbled_deepslate":21,"minecraft:birch_sapling":1,"minecraft:oak_planks":104,"minecraft:beehive":2,"minecraft:stone_stairs":1,"minecraft:carrot":4,"patchouli:guide_book":3,"minecraft:leather_chestplate":1,"comforts:sleeping_bag_white":2,"minecraft:painting":4,"minecraft:arrow":10,"minecraft:bread":5,"minecraft:iron_ingot":1,"minecraft:wheat_seeds":8,"minecraft:lilac":2,"minecraft:mossy_cobblestone":6,"minecraft:cobblestone":10,"minecraft:apple":2,"minecraft:spruce_stairs":1,"minecraft:stick":38,"minecraft:milk_bucket":1,"minecraft:diorite":3,"minecraft:wooden_hoe":1,"minecraft:torch":56,"minecraft:wooden_axe":2,"minecraft:rose_bush":11,"minecraft:iron_leggings":1,"minecraft:potion":2,"minecraft:oak_stairs":1,"minecraft:string":10,"minecraft:spruce_sapling":11,"minecraft:redstone":68,"minecraft:moss_carpet":2,"minecraft:sweet_berries":15,"minecraft:coarse_dirt":12,"minecraft:bowl":3,"minecraft:raw_iron":2,"minecraft:name_tag":1,"minecraft:pumpkin_seeds":8,"minecraft:potato":12,"minecraft:spruce_trapdoor":6,"minecraft:spruce_planks":10,"minecraft:iron_chestplate":2,"minecraft:howl_pottery_sherd":1,"minecraft:mossy_stone_bricks":6,"minecraft:redstone_torch":1,"simplyswords:iron_spear":2,"minecraft:spruce_log":17,"minecraft:blue_orchid":9,"minecraft:wooden_pickaxe":1,"minecraft:calcite":4},"minecraft:killed":{"minecraft:spider":13,"minecraft:skeleton":45,"minecraft:bee":1,"minecraft:pig":7,"minecraft:zombie":19,"minecraft:cow":6,"minecraft:phantom":12,"minecraft:llama":6,"minecraft:drowned":1,"minecraft:husk":1,"graveyard:ghoul":1,"minecraft:rabbit":3,"creeperoverhaul:ocean_creeper":1,"minecraft:player":2,"minecraft:enderman":7},"minecraft:picked_up":{"minecraft:iron_chestplate":2,"minecraft:wheat":1,"minecraft:oak_stairs":1,"minecraft:potion":8,"minecraft:string":54,"minecraft:dark_oak_trapdoor":1,"minecraft:iron_leggings":1,"minecraft:armor_stand":1,"minecraft:beetroot":21,"minecraft:tnt_minecart":1,"minecraft:cobbled_deepslate":47,"bosses_of_mass_destruction:soul_star":1,"minecraft:bucket":1,"comforts:sleeping_bag_white":23,"minecraft:spruce_planks":220,"minecraft:rose_bush":27,"minecraft:redstone_torch":1,"minecraft:calcite":7,"minecraft:ender_eye":1,"hangglider:hang_glider":1,"minecraft:furnace":2,"minecraft:stick":111,"minecraft:beehive":3,"minecraft:jukebox":1,"minecraft:torch":202,"minecraft:brick_wall":2,"minecraft:spruce_stairs":2,"minecraft:porkchop":19,"minecraft:golden_axe":1,"minecraft:diorite":6,"minecraft:cauldron":2,"minecraft:light_gray_bed":1,"minecraft:honey_bottle":1,"minecraft:rotten_flesh":20,"minecraft:tropical_fish":1,"minecraft:cow_spawn_egg":1,"minecraft:snowball":155,"minecraft:cobblestone":223,"minecraft:birch_log":21,"minecraft:leather_chestplate":1,"minecraft:cooked_beef":1,"minecraft:lilac":2,"minecraft:andesite":5,"minecraft:flint":11,"minecraft:lapis_lazuli":9,"minecraft:mangrove_slab":5,"minecraft:dirt":189,"minecraft:polished_granite":2,"minecraft:bone":74,"minecraft:bow":2,"minecraft:wheat_seeds":12,"minecraft:birch_wood":1,"minecraft:mossy_stone_bricks":7,"minecraft:rabbit":2,"minecraft:moss_block":1,"minecraft:oak_planks":27,"patchouli:guide_book":4,"minecraft:stripped_acacia_wood":56,"minecraft:dark_oak_log":28,"minecraft:red_terracotta":48,"minecraft:barrel":9,"minecraft:mossy_cobblestone":33,"minecraft:polished_andesite":3,"minecraft:sugar":1,"minecraft:granite":7,"minecraft:bread":73,"minecraft:emerald":3,"minecraft:dark_oak_fence":6,"minecraft:bricks":13,"minecraft:andesite_slab":1,"minecraft:charcoal":4,"minecraft:coarse_dirt":12,"minecraft:crafting_table":9,"minecraft:chicken":1,"minecraft:ladder":13,"minecraft:clay_ball":39,"minecraft:chest_minecart":1,"friendsandfoes:totem_of_illusion":2,"minecraft:wooden_pickaxe":1,"minecraft:crimson_trapdoor":4,"minecraft:brick":3,"minecraft:stone_stairs":2,"minecraft:moss_carpet":2,"minecraft:iron_axe":1,"minecraft:item_frame":5,"minecraft:blackstone":10,"minecraft:blue_orchid":9,"minecraft:beef":8,"minecraft:spruce_slab":2,"minecraft:light_gray_wool":3,"minecraft:sugar_cane":4,"minecraft:chest":5,"minecraft:birch_sapling":10,"minecraft:spruce_trapdoor":52,"minecraft:phantom_membrane":3,"minecraft:dark_oak_sapling":3,"minecraft:raw_iron":53,"minecraft:stripped_crimson_hyphae":2,"minecraft:stripped_mangrove_wood":6,"minecraft:bowl":2,"minecraft:spruce_fence":2,"minecraft:cake":1,"minecraft:carrot":17,"minecraft:redstone":136,"minecraft:dark_oak_planks":25,"minecraft:howl_pottery_sherd":1,"minecraft:arrow":276,"minecraft:pumpkin_pie":4,"minecraft:hay_block":19,"minecraft:glistering_melon_slice":16,"minecraft:gold_ingot":11,"minecraft:brick_stairs":2,"minecraft:mutton":2,"minecraft:rail":3,"minecraft:skeleton_skull":1,"minecraft:white_wool":7,"minecraft:glow_ink_sac":2,"minecraft:salmon":2,"minecraft:leather":12,"minecraft:red_glazed_terracotta":2,"minecraft:red_mushroom":1,"minecraft:acacia_wood":8,"minecraft:birch_planks":4,"minecraft:oak_log":65,"minecraft:gunpowder":3,"minecraft:rabbit_hide":3,"minecraft:iron_ingot":11,"minecraft:glass_bottle":7,"minecraft:iron_sword":1,"simplyswords:iron_spear":2,"minecraft:dark_oak_stairs":3,"minecraft:smooth_basalt":5,"minecraft:milk_bucket":2,"minecraft:pumpkin":1,"minecraft:sweet_berries":62,"minecraft:gravel":116,"minecraft:birch_stairs":5,"minecraft:red_banner":2,"minecraft:spruce_sapling":22,"minecraft:white_bed":1,"minecraft:spruce_log":143,"minecraft:spider_eye":2,"minecraft:leather_helmet":1,"minecraft:pumpkin_seeds":5,"minecraft:stone_axe":2,"minecraft:painting":5,"minecraft:red_nether_brick_slab":4,"minecraft:terracotta":3,"minecraft:coal":26,"minecraft:ender_pearl":2},"minecraft:mined":{"minecraft:dark_oak_planks":20,"minecraft:red_nether_brick_slab":2,"minecraft:waxed_cut_copper_slab":1,"minecraft:spruce_planks":164,"minecraft:spruce_trapdoor":19,"minecraft:granite":7,"minecraft:stripped_crimson_hyphae":2,"minecraft:grass_block":37,"minecraft:crimson_trapdoor":2,"minecraft:light_gray_bed":1,"minecraft:spawner":7,"minecraft:dark_oak_trapdoor":1,"minecraft:cobbled_deepslate":3,"minecraft:barrel":6,"minecraft:iron_ore":37,"minecraft:fire":54,"minecraft:pumpkin":1,"minecraft:dark_oak_stairs":3,"minecraft:dirt_path":1,"minecraft:cave_vines":3,"minecraft:water_cauldron":1,"minecraft:oak_stairs":1,"minecraft:stripped_mangrove_wood":8,"minecraft:spruce_slab":3,"minecraft:deepslate_redstone_ore":14,"minecraft:blackstone":7,"minecraft:powder_snow":22,"minecraft:clay":5,"minecraft:torch":4,"minecraft:calcite":5,"minecraft:chest":2,"minecraft:dead_bush":1,"minecraft:cobblestone":23,"minecraft:birch_wood":4,"minecraft:oak_planks":33,"minecraft:cyan_bed":1,"minecraft:sugar_cane":2,"minecraft:bricks":10,"minecraft:wall_torch":5,"minecraft:cauldron":1,"minecraft:stone_stairs":2,"minecraft:chain":1,"minecraft:light_gray_stained_glass":1,"minecraft:birch_log":11,"minecraft:blue_ice":1,"minecraft:jukebox":1,"minecraft:light_gray_wool":3,"minecraft:grass":14,"minecraft:oak_log":63,"minecraft:dirt":89,"minecraft:smooth_basalt":5,"minecraft:red_mushroom_block":12,"minecraft:oak_leaves":6,"minecraft:deepslate":21,"minecraft:mossy_cobblestone":14,"minecraft:dark_oak_leaves":2,"minecraft:dark_oak_log":30,"minecraft:ladder":12,"minecraft:dark_oak_fence":5,"minecraft:spruce_fence":1,"minecraft:decorated_pot":1,"minecraft:white_stained_glass":1,"minecraft:spruce_leaves":115,"minecraft:moss_block":1,"minecraft:large_fern":7,"minecraft:hay_block":10,"minecraft:furnace":2,"minecraft:snow":85,"minecraft:acacia_wood":8,"minecraft:andesite":1,"minecraft:deepslate_iron_ore":12,"minecraft:rail":3,"minecraft:stone":163,"minecraft:white_wool":5,"minecraft:cake":1,"minecraft:podzol":4,"minecraft:birch_stairs":6,"minecraft:flowering_azalea":1,"minecraft:snow_block":14,"minecraft:brick_wall":2,"minecraft:polished_granite":2,"minecraft:crafting_table":9,"minecraft:rose_bush":1,"minecraft:andesite_slab":1,"minecraft:deepslate_coal_ore":23,"minecraft:red_glazed_terracotta":2,"minecraft:diorite":3,"minecraft:spruce_stairs":1,"minecraft:red_terracotta":46,"minecraft:beehive":2,"minecraft:spruce_log":121,"minecraft:birch_leaves":80,"minecraft:red_wall_banner":1,"minecraft:mangrove_slab":4,"minecraft:coal_ore":3,"minecraft:mycelium":1,"minecraft:cocoa":1,"minecraft:cyan_carpet":3,"minecraft:gravel":122,"minecraft:cobweb":9,"minecraft:terracotta":4,"minecraft:stripped_acacia_wood":65,"minecraft:polished_andesite":3,"minecraft:small_dripleaf":1,"minecraft:mossy_stone_bricks":4,"minecraft:fern":21},"minecraft:broken":{"minecraft:iron_boots":1,"minecraft:iron_leggings":1,"minecraft:stone_pickaxe":2,"minecraft:wooden_sword":1,"minecraft:stone_axe":4,"minecraft:iron_sword":2,"minecraft:stone_shovel":5,"minecraft:stone_sword":1,"minecraft:wooden_pickaxe":1,"minecraft:shield":1,"minecraft:iron_axe":4,"minecraft:iron_pickaxe":2,"minecraft:iron_helmet":1},"minecraft:crafted":{"minecraft:oak_planks":228,"hangglider:hang_glider":2,"minecraft:cooked_chicken":1,"minecraft:bow":1,"minecraft:iron_boots":2,"minecraft:chest":3,"minecraft:cooked_porkchop":22,"minecraft:crafting_table":6,"minecraft:spruce_planks":124,"minecraft:iron_helmet":2,"minecraft:wooden_pickaxe":1,"minecraft:birch_planks":48,"minecraft:light_gray_bed":1,"minecraft:wooden_hoe":1,"minecraft:iron_chestplate":2,"minecraft:charcoal":54,"minecraft:shield":2,"minecraft:stick":116,"minecraft:iron_pickaxe":3,"minecraft:iron_ingot":35,"minecraft:stone_sword":1,"minecraft:gold_ingot":2,"minecraft:birch_stairs":24,"hangglider:glider_framework":2,"minecraft:wooden_sword":1,"minecraft:stone_shovel":5,"comforts:sleeping_bag_white":1,"minecraft:furnace":5,"minecraft:bone_meal":69,"hangglider:glider_wing":4,"minecraft:iron_axe":4,"minecraft:stone_pickaxe":2,"minecraft:dark_oak_planks":56,"minecraft:wheat":45,"minecraft:cooked_beef":8,"minecraft:dark_oak_stairs":4,"minecraft:iron_sword":2,"minecraft:stone_axe":3,"minecraft:air":0,"minecraft:bread":24,"minecraft:wooden_axe":2,"minecraft:iron_shovel":1,"minecraft:iron_leggings":1,"minecraft:acacia_planks":32,"minecraft:torch":116,"adventurez:cooked_venison":10}},"DataVersion":3465}