{"stats":{"minecraft:killed_by":{"minecraft:vindicator":1},"minecraft:crafted":{"minecraft:wooden_sword":1,"minecraft:wooden_hoe":1,"minecraft:crafting_table":1,"minecraft:spruce_planks":4,"minecraft:stick":24,"minecraft:wooden_pickaxe":1,"minecraft:wooden_axe":1,"minecraft:dark_oak_planks":32},"minecraft:mined":{"minecraft:blue_ice":1,"minecraft:spruce_log":1,"minecraft:dark_oak_log":8,"minecraft:pumpkin":1,"minecraft:crafting_table":2,"minecraft:grass":1},"minecraft:killed":{"minecraft:zombie":1,"minecraft:rabbit":1},"minecraft:used":{"minecraft:wooden_axe":14,"minecraft:rabbit":1,"minecraft:crafting_table":2},"minecraft:dropped":{"minecraft:crossbow":1,"minecraft:arrow":2,"patchouli:guide_book":1,"minecraft:stick":10},"minecraft:picked_up":{"minecraft:crafting_table":2,"minecraft:pumpkin":1,"patchouli:guide_book":3,"minecraft:spruce_log":1,"minecraft:dark_oak_log":8,"minecraft:arrow":7,"minecraft:bone":1,"minecraft:rabbit_hide":2,"minecraft:emerald":1,"minecraft:rabbit":1},"minecraft:custom":{"minecraft:time_since_rest":6087,"minecraft:sprint_one_cm":96995,"minecraft:damage_taken":310,"minecraft:walk_one_cm":47135,"minecraft:mob_kills":2,"minecraft:drop":4,"minecraft:damage_dealt":157,"minecraft:fly_one_cm":69469,"minecraft:interact_with_crafting_table":8,"minecraft:open_chest":1,"minecraft:crouch_one_cm":1076,"minecraft:play_time":17245,"minecraft:deaths":1,"minecraft:sneak_time":310,"minecraft:jump":313,"minecraft:time_since_death":5948,"minecraft:total_world_time":17245,"minecraft:fall_one_cm":7266}},"DataVersion":3465}